finding_id,title,severity,host,rule,oval_id,scan_class,os,triage_should_remediate,triage_risk_level,triage_reason,triage_requires_human_review,triage_estimated_impact,triage_estimated_complexity,final_status,remediated_at_round,total_attempts,remedy_commands_executed,remedy_scan_passed,remedy_success,remedy_error_summary,remedy_attempt_duration_s,remedy_scan_duration_s,review_approve,review_is_optimal,review_security_score,review_feedback,review_concerns,qa_safe,qa_verdict_reason,qa_side_effects,qa_regression_detected,qa_recommendation,qa_validation_duration_s,total_duration_s,llm_calls,llm_errors,llm_duration_s,prompt_tokens,completion_tokens,total_tokens,estimated_cost_usd,triage_llm_calls,triage_tokens,triage_cost_usd,triage_duration_s,remedy_llm_calls,remedy_tokens,remedy_cost_usd,remedy_duration_s,review_llm_calls,review_tokens,review_cost_usd,review_duration_s,qa_llm_calls,qa_tokens,qa_cost_usd,qa_duration_s,triage_model,remedy_model,review_model,qa_model
enable_dracut_fips_module,Enable Dracut FIPS Module,3,localhost,enable_dracut_fips_module,xccdf_org.ssgproject.content_rule_enable_dracut_fips_module,compliance,localhost.localdomain,False,critical,"Enabling FIPS mode on an already installed RHEL 9 system requires adding the dracut fips module and setting the kernel boot parameter fips=1, which is not supported post‑installation and can render the system unbootable or cause cryptographic failures. This change impacts core cryptographic behavior and boot process, posing a high risk of lockout or system breakage.",False,reboot required; FIPS mode activation; kernel boot parameter modification; potential system unbootability; cryptographic subsystem changes,high,discarded,,0,,,,,,,,,,,,,,,,,,17.570066690444946,1,0,17.547,695,601,1296,0.00052,1,1296,0.00052,17.547,0,0,0.0,0.0,0,0,0.0,0.0,0,0,0.0,0.0,unknown,openai/gpt-oss-120b,openai/gpt-oss-120b,openai/gpt-oss-120b
enable_fips_mode,Enable FIPS Mode,3,localhost,enable_fips_mode,xccdf_org.ssgproject.content_rule_enable_fips_mode,compliance,localhost.localdomain,False,critical,"Enabling FIPS mode requires adding a kernel boot argument (fips=1) and changing the system's cryptographic policy. The description states that enabling FIPS on an already installed system is not supported and may render the system unbootable. This change carries a high risk of boot failure, loss of access, and incompatibility with existing services, thus it is classified as too dangerous to remediate automatically.",False,reboot required; potential boot failure; loss of SSH/console access; incompatibility with existing cryptographic libraries; irreversible change on existing installations,high,discarded,,0,,,,,,,,,,,,,,,,,,13.024943828582764,1,0,12.806,833,607,1440,0.000193,1,1440,0.000193,12.806,0,0,0.0,0.0,0,0,0.0,0.0,0,0,0.0,0.0,unknown,openai/gpt-oss-120b,openai/gpt-oss-120b,openai/gpt-oss-120b
sysctl_crypto_fips_enabled,Set kernel parameter 'crypto.fips_enabled' to 1,3,localhost,sysctl_crypto_fips_enabled,xccdf_org.ssgproject.content_rule_sysctl_crypto_fips_enabled,compliance,localhost.localdomain,False,critical,"Enabling FIPS mode requires adding the fips=1 kernel boot parameter, which is only supported at installation time. Changing this on an existing system is not supported and can render the system unbootable or cause cryptographic failures, posing a high risk of lockout or instability.",False,reboot required; FIPS mode activation; kernel boot parameter modification; potential system instability or unbootable state,high,discarded,,0,,,,,,,,,,,,,,,,,,16.758110761642456,1,0,16.741,740,678,1418,0.000342,1,1418,0.000342,16.741,0,0,0.0,0.0,0,0,0.0,0.0,0,0,0.0,0.0,unknown,openai/gpt-oss-120b,openai/gpt-oss-120b,openai/gpt-oss-120b
installed_OS_is_vendor_supported,The Installed Operating System Is Vendor Supported,3,localhost,installed_OS_is_vendor_supported,xccdf_org.ssgproject.content_rule_installed_OS_is_vendor_supported,compliance,localhost.localdomain,False,medium,"Remediation likely involves upgrading or migrating the operating system to a vendor‑supported release. This is a major change that can affect many services, drivers, and system configuration, creating a risk of loss of SSH/console access or service disruption. Human planning and validation are required before proceeding.",True,reboot required; OS version upgrade; potential service interruption; compatibility with existing applications; possible loss of remote access during reboot,high,requires_human_review,,0,,,,,,,,,,,,,,,,,,6.686174392700195,1,0,6.668,619,692,1311,0.000401,1,1311,0.000401,6.668,0,0,0.0,0.0,0,0,0.0,0.0,0,0,0.0,0.0,unknown,openai/gpt-oss-120b,openai/gpt-oss-120b,openai/gpt-oss-120b
partition_for_var_tmp,Ensure /var/tmp Located On Separate Partition,2,localhost,partition_for_var_tmp,xccdf_org.ssgproject.content_rule_partition_for_var_tmp,compliance,localhost.localdomain,False,critical,Filesystem/partition/mount-option changes can break boot or services and should not be auto-remediated.,False,reboot required; filesystems affected; filesystems/partitioning; service disruption risk,high,discarded,,0,,,,,,,,,,,,,,,,,,0.04070925712585449,0,0,0,0,0,0,0,0,0,0.0,0.0,0,0,0.0,0.0,0,0,0.0,0.0,0,0,0.0,0.0,unknown,openai/gpt-oss-120b,openai/gpt-oss-120b,openai/gpt-oss-120b
ensure_redhat_gpgkey_installed,Ensure Red Hat GPG Key Installed,3,localhost,ensure_redhat_gpgkey_installed,xccdf_org.ssgproject.content_rule_ensure_redhat_gpgkey_installed,compliance,localhost.localdomain,True,low,"The remediation only imports a trusted GPG key and optionally verifies directory permissions. This operation does not affect authentication, networking, or critical boot components and is a standard package management task.",False,filesystems affected; Missing GPG key could allow installation of unverified packages; Potential for incorrect file permissions on /etc/pki/rpm-gpg,low,failed,,3,rpm -q gnupg; dnf install -y gnupg; curl --fail -s -L -o /tmp/redhat-gpg-key https://access.redhat.com/security/key/567E347AD0044ADE55BA8A5F199E2F91FD431D51,False,False,,441.8801381587982,12.179,True,False,8,"The plan now includes a fingerprint verification step and checks for existing key, gnupg installation, and directory permissions, which addresses the core OpenSCAP requirement. However, it still imports a Red Hat key on Rocky Linux without an OS check, lacks an explicit abort command on fingerprint mismatch, and could tighten TLS handling for the download.","The remediation runs on Rocky Linux, where importing the Red Hat GPG key is unnecessary and may cause confusion.; No explicit abort or exit is defined if the fingerprint verification fails; the plan only describes aborting in prose.; Curl is used without explicit TLS verification flags (e.g., --fail), which could silently accept an invalid response.; The key ID used in rpm -q may not match the full key identifier, potentially causing false negatives.; Potential duplicate imports if the key is present but under a different ID format.",True,"The plan only installs gnupg (if missing), downloads a public GPG key over HTTPS, verifies its fingerprint, imports it into the RPM database, and tightens directory permissions. These actions do not modify running services, authentication mechanisms, or networking. Importing a Red Hat key on Rocky Linux is unnecessary but harmless and will not break critical services.",Unnecessary import of Red Hat GPG key on a Rocky Linux system; Potential duplicate import if the key already exists under a different identifier; Installation of gnupg package if not already present,False,Approve,138.37730360031128,441.9113492965698,17,0,312.533,91141,10712,101853,0.010908,0,0,0.0,0.0,13,91490,0.009611,120.855,2,6096,0.000678,39.835,2,4267,0.000619,151.843,unknown,openai/gpt-oss-120b,openai/gpt-oss-120b,openai/gpt-oss-120b
accounts_password_pam_enforce_root,Ensure PAM Enforces Password Requirements - Enforce for root User,2,localhost,accounts_password_pam_enforce_root,xccdf_org.ssgproject.content_rule_accounts_password_pam_enforce_root,compliance,localhost.localdomain,True,low,"The remediation only adds the enforce_for_root setting to /etc/security/pwquality.conf, a standard PAM password policy change. It does not modify existing passwords, require service restarts, or affect boot. The change is low‑risk and aligns with typical STIG hardening practices.",False,authentication/authorization affected; future root password changes may be rejected if they do not meet complexity requirements,low,success,1,1,"cp /etc/security/pwquality.conf /etc/security/pwquality.conf.bak; sed -i '/^\s*enforce_for_root/Id' /etc/security/pwquality.conf; sed -i -e '$a\\' /etc/security/pwquality.conf; printf '%s
' 'enforce_for_root' >> /etc/security/pwquality.conf",True,True,,73.7426929473877,34.502,True,False,8,"The plan will add the required enforce_for_root setting, removing any existing entries to avoid duplication. It backs up the original file and ensures a trailing newline before appending. This will satisfy the OpenSCAP rule and enforce password complexity for root.","If /etc/security/pwquality.conf does not exist, the cp and sed commands will fail, potentially aborting the script.; The backup file is removed at the end of the original script but not in this plan, which may leave unnecessary files.; The inserted line does not explicitly set a value (e.g., enforce_for_root = yes), which might be clearer and more portable.",True,"The plan correctly backs up the configuration, removes any existing enforce_for_root entries, ensures proper file termination, and appends the required setting. Enabling enforce_for_root only tightens password requirements for the root account and does not alter PAM stack order or break existing authentication mechanisms. The only minor issues are harmless errors if the file does not exist and an extra backup file left behind.","If /etc/security/pwquality.conf is missing, the cp and sed commands will emit errors but will not modify other files.; A backup file /etc/security/pwquality.conf.bak will remain on disk, consuming minimal space.",False,Approve,17.564013719558716,90.46339273452759,15,0,68.687,48813,5076,53889,0.008765,1,1416,0.000536,16.677,12,48660,0.00719,29.962,1,1862,0.00041,4.495,1,1951,0.000629,17.552,unknown,openai/gpt-oss-120b,openai/gpt-oss-120b,openai/gpt-oss-120b
accounts_password_pam_minlen,Ensure PAM Enforces Password Requirements - Minimum Length,2,localhost,accounts_password_pam_minlen,xccdf_org.ssgproject.content_rule_accounts_password_pam_minlen,compliance,localhost.localdomain,True,low,"The remediation only edits PAM password quality configuration files to set the minlen parameter, a standard STIG hardening step. It does not modify bootloader, kernel, or filesystem layout, and the change is low‑risk if a reasonable length is chosen.",False,authentication/authorization affected; Potential lockout if minlen is set excessively high; Incorrect variable substitution could leave the setting empty,low,failed,,3,"ls -1 /etc/security/pwquality.conf.d; cp /etc/security/pwquality.conf.d/99-pwquality.conf /etc/security/pwquality.conf.d/99-pwquality.conf.bak; which authselect; find /etc/security/pwquality.conf.d -type f -name ""*.conf"" -exec sed -i '/^\s*#\?\s*minlen\s*=.*$/d' {} +; authselect apply-changes; restorecon -R -v /etc/security/pwquality.conf.d",False,False,,281.03049182891846,10.27,True,False,8,"The plan correctly backs up existing custom configuration, removes duplicate/minlen entries, creates a dedicated .conf.d file with minlen=12, and applies authselect and SELinux context restoration. It addresses the prior review comments and will enforce the required password length.","The sed command deletes any line containing 'minlen', including commented explanatory lines that might be useful for administrators.; The plan assumes /etc/security/pwquality.conf.d exists and does not create it if missing.; Running 'authselect apply-changes' without first confirming that the system uses authselect could cause an error on systems that rely on traditional PAM configuration files.",True,"The plan correctly backs up existing configuration, removes duplicate minlen entries, creates a dedicated .conf.d file with minlen=12, and refreshes PAM via authselect. Setting a minimum length of 12 does not invalidate existing passwords, only affects future password changes, so it will not lock out existing SSH or local logins. The commands are safe on standard Rocky/RHEL systems that use authselect and SELinux.","Existing users will be forced to use passwords of at least 12 characters when changing passwords, which may cause inconvenience or script failures.; Removal of commented minlen lines eliminates helpful documentation within config files.; If the system does not use authselect, the 'authselect apply-changes' command may fail, though it will not alter the PAM stack.",False,Approve,21.051162719726562,281.0611629486084,16,0,261.619,53284,4684,57968,0.007922,0,0,0.0,0.0,14,53611,0.007393,121.309,1,2455,0.000214,119.272,1,1902,0.000316,21.038,unknown,openai/gpt-oss-120b,openai/gpt-oss-120b,openai/gpt-oss-120b
logind_session_timeout,Configure Logind to terminate idle sessions after certain time of inactivity,2,localhost,logind_session_timeout,xccdf_org.ssgproject.content_rule_logind_session_timeout,compliance,localhost.localdomain,True,low,"The remediation only requires editing /etc/systemd/logind.conf to set StopIdleSessionSec= and restarting the systemd-logind service. This change does not affect authentication mechanisms, networking, or filesystem layout and is a standard STIG hardening step with minimal risk of lockout or service disruption.",False,,low,failed,,3,cp -a /etc/systemd/logind.conf /etc/systemd/logind.conf.bak; install -d /etc/systemd/logind.conf.d; systemctl try-restart systemd-logind; restorecon -v /etc/systemd/logind.conf.d/idle.conf; systemctl daemon-reload,False,False,,230.912682056427,12.003,True,False,9,"The plan correctly creates a systemd drop‑in with the required [Login] section and StopIdleSessionSec setting, backs up the original file, restores SELinux context, reloads systemd and restarts the logind service. This will remediate the vulnerability on Rocky Linux 10.","The plan does not explicitly verify that the write operation for /etc/systemd/logind.conf.d/idle.conf succeeded before proceeding.; If the drop‑in file already exists with a different value, the plan overwrites it without checking for idempotency.; Using try‑restart may silently do nothing if the service is not running; a normal restart would guarantee the setting is applied.",True,"The plan adds a standard systemd drop‑in to set StopIdleSessionSec, preserves SELinux context, reloads systemd and safely restarts systemd-logind. This correctly addresses the vulnerability and does not modify other critical services; the only effect is that idle user sessions (including SSH) will be terminated after 10 minutes, which is the intended hardening behavior.","Idle user sessions (e.g., SSH, console) will be terminated after 10 minutes of inactivity, potentially causing loss of unsaved work; If a custom logind.conf.d drop‑in already exists, it will be overwritten without warning",False,Approve,8.91618800163269,230.933349609375,20,0,214.005,84102,10320,94422,0.009663,0,0,0.0,0.0,16,84046,0.007341,150.643,2,6034,0.001778,24.783,2,4342,0.000543,38.58,unknown,openai/gpt-oss-120b,openai/gpt-oss-120b,openai/gpt-oss-120b
accounts_authorized_local_users,Only Authorized Local User Accounts Exist on Operating System,2,localhost,accounts_authorized_local_users,xccdf_org.ssgproject.content_rule_accounts_authorized_local_users,compliance,localhost.localdomain,False,medium,"Remediation involves deleting local user accounts. Removing the wrong account can lock out administrators, break SSH access, or disrupt services that rely on specific system users, presenting a clear risk of loss of access.",True,authentication/authorization affected; Potential loss of administrative/SSH access; Disruption of services that depend on specific system accounts; Compliance impact if authorized accounts are not correctly identified,medium,requires_human_review,,0,,,,,,,,,,,,,,,,,,45.9989960193634,1,0,45.982,712,672,1384,0.000532,1,1384,0.000532,45.982,0,0,0.0,0.0,0,0,0.0,0.0,0,0,0.0,0.0,unknown,openai/gpt-oss-120b,openai/gpt-oss-120b,openai/gpt-oss-120b
grub2_admin_username,Set the Boot Loader Admin Username to a Non-Default Value,3,localhost,grub2_admin_username,xccdf_org.ssgproject.content_rule_grub2_admin_username,compliance,localhost.localdomain,False,critical,"The remediation requires modifying the GRUB2 boot loader configuration, which is a bootloader change. Misconfiguration can prevent the system from booting or lock out console access. Policy explicitly classifies bootloader modifications as too dangerous to remediate automatically.",False,reboot required; filesystems affected; Potential boot failure; Loss of console or remote access; Inability to edit GRUB configuration if misapplied,medium,discarded,,0,,,,,,,,,,,,,,,,,,8.893891334533691,1,0,8.877,760,756,1516,0.000173,1,1516,0.000173,8.877,0,0,0.0,0.0,0,0,0.0,0.0,0,0,0.0,0.0,unknown,openai/gpt-oss-120b,openai/gpt-oss-120b,openai/gpt-oss-120b
grub2_password,Set Boot Loader Password in grub2,3,localhost,grub2_password,xccdf_org.ssgproject.content_rule_grub2_password,compliance,localhost.localdomain,False,critical,The remediation modifies GRUB2 bootloader configuration to add a password. Bootloader changes are explicitly listed as too dangerous to remediate because an incorrect password can render the system unbootable and cause loss of console access.,False,reboot required; authentication/authorization affected; bootloader lockout; inability to boot the system; loss of console access,low,discarded,,0,,,,,,,,,,,,,,,,,,1.9776480197906494,1,0,1.954,631,827,1458,0.000591,1,1458,0.000591,1.954,0,0,0.0,0.0,0,0,0.0,0.0,0,0,0.0,0.0,unknown,openai/gpt-oss-120b,openai/gpt-oss-120b,openai/gpt-oss-120b
network_configure_name_resolution,Configure Multiple DNS Servers in /etc/resolv.conf,2,localhost,network_configure_name_resolution,xccdf_org.ssgproject.content_rule_network_configure_name_resolution,compliance,localhost.localdomain,True,low,"The remediation only requires editing /etc/resolv.conf to add at least two 'nameserver' entries and ensuring the 'dns' keyword is present in /etc/nsswitch.conf. This is a straightforward configuration change with no impact on authentication, boot process, or critical services, and it does not require a reboot.",False,networking affected,low,success,2,2,date +%s; cp /etc/resolv.conf /etc/resolv.conf.bak.1775062082; cp /etc/nsswitch.conf /etc/nsswitch.conf.bak.1775062082; sed -i '/^nameserver/a nameserver 8.8.8.8' /etc/resolv.conf,True,True,,107.65945148468018,10.853,True,False,8,"The plan will add the missing 'dns' keyword to nsswitch.conf and ensure at least two nameserver entries in /etc/resolv.conf, which satisfies the OpenSCAP rule. However, it still edits resolv.conf directly (which may be overwritten by DHCP/NetworkManager) and hard‑codes public Google DNS servers, which may be unsuitable for many environments. Additional checks and a more persistent configuration method would improve the remediation.","Manual edits to /etc/resolv.conf can be overwritten by DHCP clients or NetworkManager, causing the changes to be lost.; Hard‑coding public DNS servers (8.8.8.8, 8.8.4.4) may be inappropriate for internal or constrained networks.; Adding the 'dns' entry to nsswitch.conf could alter system behavior if it was intentionally disabled.; No verification that the added DNS servers are reachable from the host.; The use of sed -i does not guarantee an atomic write, risking file corruption on interruption.",True,"The plan makes a backup, adds the missing 'dns' keyword to nsswitch.conf (which is standard) and ensures at least two nameserver lines in /etc/resolv.conf. These changes are unlikely to crash critical services or lock out SSH; they only affect name resolution behavior. The only risks are overwriting DHCP‑managed resolv.conf and introducing public DNS servers that may be unsuitable for a private network, but these are not catastrophic.","Potential overwrite of DHCP/NetworkManager‑generated /etc/resolv.conf, causing changes to be lost after a lease renewal; Hard‑coding public DNS servers (8.8.8.8, 8.8.4.8) may be inappropriate for internal networks and could lead to resolution of internal hostnames to incorrect addresses; Adding 'dns' to the hosts line may change name‑resolution order, causing lookups to go to external DNS where they previously did not; Using sed -i without atomic write could corrupt the file if the command is interrupted",False,Approve,4.748736143112183,107.68414068222046,15,0,97.588,54724,5631,60355,0.003898,0,0,0.0,0.0,13,55673,0.003244,73.185,1,2435,0.000224,19.665,1,2247,0.000429,4.74,unknown,openai/gpt-oss-120b,openai/gpt-oss-120b,openai/gpt-oss-120b
sysctl_user_max_user_namespaces_no_remediation,Disable the use of user namespaces,2,localhost,sysctl_user_max_user_namespaces_no_remediation,xccdf_org.ssgproject.content_rule_sysctl_user_max_user_namespaces_no_remediation,compliance,localhost.localdomain,True,low,"The remediation involves a simple sysctl configuration change and persistence file edit, which is a standard STIG hardening action. It does not affect authentication, networking, or filesystem layout, and does not require a reboot. The only risk is potential impact on container workloads that rely on user namespaces, which can be mitigated by testing before deployment.",False,Potential disruption of container workloads that require user namespaces; Possible incompatibility with applications that depend on user namespace functionality,low,success,2,2,"ls -1 /etc/sysctl.d; grep -R ""user.max_user_namespaces"" -n /etc/sysctl.conf /etc/sysctl.d/*.conf 2>/dev/null || true; sysctl -w user.max_user_namespaces=0; sysctl --system",True,True,,109.40582299232483,26.192,True,True,9,"The plan correctly disables user namespaces by applying the runtime change, persisting it in a dedicated drop‑in file with proper ownership and permissions, and reloading sysctl. It also addresses previous review comments by handling existing definitions and ensuring immediate effect.","Ensure all commands are executed with appropriate root privileges (e.g., using sudo).; Commenting out existing lines with sed may need careful pattern matching to avoid accidental removal of unrelated content.",True,"The plan correctly disables unprivileged user namespaces by setting user.max_user_namespaces=0 at runtime and persisting it via a dedicated sysctl drop‑in. This does not affect core system services (sshd, auditd, firewalld, networking) and will not lock out SSH access. The only impact is on workloads that rely on user namespaces (e.g., unprivileged containers, some sandboxed applications), which is expected for this hardening step.","Unprivileged container runtimes (podman, docker, buildah) may fail to start containers that require user namespaces; Applications that depend on user namespace isolation (e.g., certain sandboxed tools) may be unable to run",False,Approve,11.129464149475098,109.43781304359436,16,0,76.97,70856,3966,74822,0.005396,0,0,0.0,0.0,14,71416,0.004624,62.364,1,1878,0.000355,3.482,1,1528,0.000417,11.124,unknown,openai/gpt-oss-120b,openai/gpt-oss-120b,openai/gpt-oss-120b
selinux_context_elevation_for_sudo,Elevate The SELinux Context When An Administrator Calls The Sudo Command,2,localhost,selinux_context_elevation_for_sudo,xccdf_org.ssgproject.content_rule_selinux_context_elevation_for_sudo,compliance,localhost.localdomain,True,low,"The remediation only requires adding a line to a sudoers.d file using visudo, which is a standard, low‑risk configuration change. It does not modify bootloader, partitioning, or FIPS settings, and it does not affect network services. The change is scoped to sudo authorization and SELinux context elevation, which are well‑understood STIG hardening actions.",False,authentication/authorization affected; Incorrect sudoers syntax could lock out sudo access; SELinux policy may deny the new role/type if not properly defined,low,success,1,1,restorecon -v /etc/sudoers.d/selinux_context_elevate; visudo -c -f /etc/sudoers.d/selinux_context_elevate,True,True,,68.97112321853638,11.314,True,False,8,The plan correctly creates a sudoers.d file with the required line to allow SELinux context elevation for wheel members and validates syntax with visudo. It follows standard sudoers file handling and uses safe permissions. Minor improvements are suggested to tighten scope and ensure correct SELinux file labeling.,"The rule grants full sudo rights with SELinux context elevation to all wheel members, which may be broader than necessary.; The plan does not explicitly set the SELinux file context (sudoers_t) on the new file, which could cause warnings.; No post‑remediation testing is described to confirm that the context elevation works as expected.",True,"The plan creates a proper sudoers.d file with the required SELinux context rule, uses the correct permissions, and validates syntax before committing. This is standard practice and will not disrupt critical services or lock out access. The only minor concerns are the broader sudo privileges granted to all wheel members and the lack of explicit SELinux file labeling, which are not likely to cause system outages.","Wheel group members gain unrestricted sudo rights with elevated SELinux context (potential over‑privilege).; The new sudoers file may not have the correct SELinux type (sudoers_t), leading to SELinux warnings or denial of the file.",False,Approve,13.501916885375977,71.33547806739807,13,0,65.095,25786,3876,29662,0.003084,1,1252,0.000264,2.336,10,24771,0.002413,36.704,1,1642,0.000206,12.569,1,1997,0.000204,13.486,unknown,openai/gpt-oss-120b,openai/gpt-oss-120b,openai/gpt-oss-120b
postfix_prevent_unrestricted_relay,Prevent Unrestricted Mail Relaying,2,localhost,postfix_prevent_unrestricted_relay,xccdf_org.ssgproject.content_rule_postfix_prevent_unrestricted_relay,compliance,localhost.localdomain,True,low,"The remediation only edits a single Postfix configuration line to restrict mail relaying. This is a standard STIG hardening step, unlikely to cause system lockout or critical service failure, and can be validated quickly.",False,authentication/authorization affected; networking affected; Potential temporary mail delivery interruption if Postfix fails to restart; Misconfiguration could block legitimate internal mail,low,success,1,1,"grep -n ""^smtpd_client_restrictions"" -n /etc/postfix/main.cf; grep -i ""smtpd_client_restrictions"" /etc/postfix/main.cf || true; cp /etc/postfix/main.cf /etc/postfix/main.cf.bak; echo ""smtpd_client_restrictions = permit_mynetworks,reject"" >> /etc/postfix/main.cf; systemctl reload postfix; systemctl status postfix; systemctl start postfix; postconf smtpd_client_restrictions",True,True,,68.64321565628052,12.304,True,False,8,"The plan correctly modifies the Postfix configuration to set smtpd_client_restrictions = permit_mynetworks,reject and reloads the service, which will address the unrestricted relay vulnerability.","The plan does not create a backup of /etc/postfix/main.cf before editing, which could complicate rollback if an issue occurs.",True,"The plan correctly sets smtpd_client_restrictions to permit_mynetworks,reject, which eliminates unrestricted relay without impacting other system services. The edit is limited to a single configuration line and a reload, which is safe for Postfix. No SSH, audit, firewalld, or networking changes are made.","External mail sources that previously relied on open relay will be rejected, potentially causing mail delivery failures for those senders; If the existing main.cf contains complex smtpd_client_restrictions logic, overwriting it may remove intended allow/deny rules",False,Approve,3.533557653427124,82.23692798614502,18,0,67.824,65506,3548,69054,0.007283,1,1283,0.000134,13.556,15,64614,0.00648,41.861,1,1557,0.000258,8.877,1,1600,0.000413,3.53,unknown,openai/gpt-oss-120b,openai/gpt-oss-120b,openai/gpt-oss-120b
chronyd_or_ntpd_set_maxpoll,Configure Time Service Maxpoll Interval,2,localhost,chronyd_or_ntpd_set_maxpoll,xccdf_org.ssgproject.content_rule_chronyd_or_ntpd_set_maxpoll,compliance,localhost.localdomain,True,low,"The remediation only edits NTP/Chrony configuration files to set or add a maxpoll parameter. This is a straightforward text substitution that does not affect authentication, bootloader, or critical filesystem layout, and does not require a reboot. The change is low risk and aligns with standard STIG hardening practices.",False,networking affected; potential misconfiguration of time service; service restart may temporarily lose time sync,low,success,1,1,rpm -q chrony; ls -1 /etc/chrony.d/*.conf 2>/dev/null || true; cp /etc/chrony.conf /etc/chrony.conf.bak; sed -i -E '/^[[:space:]]*(server|pool|peer)[[:space:]]/ { /maxpoll[[:space:]]/ { s/(maxpoll[[:space:]]+)[0-9]+/\1 10/ } ; /maxpoll[[:space:]]/! s/$/ maxpoll 10/ }' /etc/chrony.conf; systemctl restart chronyd,True,True,,156.4564974308014,30.196,True,False,8,"The plan will set maxpoll to 10 for server/pool/peer entries and restart the appropriate service, which addresses the vulnerability. However, the sed commands may not add the option to lines that already contain other parameters (e.g., iburst) and there is no backup of configuration files before modification.","Sed patterns may miss server/pool/peer lines that have additional options but no maxpoll, leaving some entries unchanged.; No backup of the original configuration files is made, risking loss of configuration if an error occurs.; The plan does not explicitly exclude commented lines, which could lead to unintended edits if comment syntax is not considered.",True,"The plan only modifies chrony/ntp configuration to enforce a reasonable maxpoll value and restarts the corresponding time service. Adding or updating maxpoll is supported syntax and will not affect SSH, audit, firewalld or networking. While the sed patterns may miss lines that already contain other options (leaving some entries without maxpoll) and no backup is made, these issues are minor and unlikely to cause service failure.",Possible temporary loss of accurate time until the service restarts; Potentially incomplete remediation if server/pool/peer lines have other options and miss the added maxpoll; No automatic backup means manual recovery needed if a syntax error occurs,False,Approve,14.588399887084961,162.585777759552,16,0,132.142,48896,5588,54484,0.004177,1,1337,0.000299,5.976,13,48651,0.003471,95.295,1,2284,0.000223,16.288,1,2212,0.000185,14.583,unknown,openai/gpt-oss-120b,openai/gpt-oss-120b,openai/gpt-oss-120b
sssd_enable_certmap,Enable Certmap in SSSD,2,localhost,sssd_enable_certmap,xccdf_org.ssgproject.content_rule_sssd_enable_certmap,compliance,localhost.localdomain,True,low,"Enabling a certmap section in /etc/sssd/sssd.conf is a straightforward authentication configuration change. It does not involve partitioning, bootloader, or FIPS settings, and follows typical STIG hardening patterns. While an incorrect mapping could affect authentication, the risk can be mitigated with backup and testing, so it is considered safe to remediate.",False,authentication/authorization affected; Potential authentication failure if mapping is incorrect; Service restart may temporarily affect login services; Misconfiguration could lock out users relying on certificate authentication,low,failed,,3,,False,False,,37.088865518569946,,True,False,8,"The plan correctly backs up the configuration, verifies a domain exists, adds a certmap section, validates the syntax and restarts SSSD, which should satisfy the requirement to enable certmap. Minor refinements are recommended (e.g., a more specific matchrule, a unique rule name, and idempotent insertion) but the core remediation will work.","The generic matchrule '^.*$' is overly permissive and may not align with security policy.; Using a generic rule name 'default' could conflict with existing sections or naming conventions.; The plan does not check whether the certmap section already exists, risking duplicate entries on re‑run.; Reliance on 'sssd --config-check' may not be available on all systems; using 'sssctl config-check' is more reliable.",False,"The plan blindly adds a generic certmap rule that matches any SAN and forces certificate extraction for the domain. If the rule is not appropriate for the environment, SSSD may reject logins that do not present a certificate, leading to authentication failures and possible SSH lockout. It also does not check for existing certmap sections, risking duplicate entries. While the backup and config‑check steps mitigate some risk, the core configuration change can break critical authentication services.",Potential authentication failures for users without certificates; Possible SSH login lockout; SSSD service restart may fail if the new certmap block is invalid; Duplicate certmap sections on re‑run causing configuration parsing errors,False,Investigate,4.967767715454102,37.09778714179993,4,0,37.053,6349,3755,10104,0.002411,0,0,0.0,0.0,2,5552,0.001776,18.911,1,2583,0.000291,13.19,1,1969,0.000345,4.951,unknown,openai/gpt-oss-120b,openai/gpt-oss-120b,openai/gpt-oss-120b
