finding_id,title,severity,host,rule,oval_id,scan_class,os,triage_should_remediate,triage_risk_level,triage_reason,triage_requires_human_review,triage_estimated_impact,triage_estimated_complexity,final_status,remediated_at_round,total_attempts,attempt_1_commands,attempt_1_scan_passed,attempt_1_success,attempt_1_error_summary,attempt_1_duration_s,attempt_1_scan_duration_s,attempt_2_commands,attempt_2_scan_passed,attempt_2_success,attempt_2_error_summary,attempt_2_duration_s,attempt_2_scan_duration_s,attempt_3_commands,attempt_3_scan_passed,attempt_3_success,attempt_3_error_summary,attempt_3_duration_s,attempt_3_scan_duration_s,review_approve,review_is_optimal,review_security_score,review_feedback,review_concerns,qa_safe,qa_verdict_reason,qa_side_effects,qa_regression_detected,qa_recommendation,qa_validation_duration_s,total_duration_s,llm_calls,llm_errors,llm_duration_s,prompt_tokens,completion_tokens,total_tokens,estimated_cost_usd,triage_llm_calls,triage_tokens,triage_cost_usd,triage_duration_s,remedy_llm_calls,remedy_tokens,remedy_cost_usd,remedy_duration_s,review_llm_calls,review_tokens,review_cost_usd,review_duration_s,qa_llm_calls,qa_tokens,qa_cost_usd,qa_duration_s,triage_model,remedy_model,review_model,qa_model
enable_dracut_fips_module,Enable Dracut FIPS Module,3,localhost,enable_dracut_fips_module,xccdf_org.ssgproject.content_rule_enable_dracut_fips_module,compliance,localhost.localdomain,False,critical,"The finding description explicitly states that enabling FIPS mode on a preexisting system is not supported and that if the rule fails on an installed system, it is a permanent finding. Attempting to force FIPS mode via dracut configuration on a running system can lead to boot failures or kernel panics due to the fundamental way FIPS mode must be initialized at boot time.",False,reboot required; Kernel parameter changes; Bootloader/initramfs modification; FIPS mode initialization requirements; Potential for system boot failure,high,discarded,,0,,,,,,,,,,,,,,,,,,,,,,,,,,,,,,25.687006950378418,1,0,25.678,710,310,1020,0.000216,1,1020,0.000216,25.678,0,0,0.0,0.0,0,0,0.0,0.0,0,0,0.0,0.0,google/gemma-4-26b-a4b-it,google/gemma-4-26b-a4b-it,google/gemma-4-26b-a4b-it,google/gemma-4-26b-a4b-it
enable_fips_mode,Enable FIPS Mode,3,localhost,enable_fips_mode,xccdf_org.ssgproject.content_rule_enable_fips_mode,compliance,localhost.localdomain,False,critical,Enabling FIPS mode is a fundamental change to the kernel's cryptographic subsystem. The finding description explicitly states that enabling FIPS mode on a preexisting system is not supported and requires kernel-level changes (fips=1). Such changes can break existing applications that rely on non-compliant cryptographic algorithms and can lead to system instability or boot failures.,False,reboot required; Kernel-level cryptographic changes; Potential breakage of non-FIPS compliant applications; System instability; Changes to boot parameters,high,discarded,,0,,,,,,,,,,,,,,,,,,,,,,,,,,,,,,13.574655294418335,1,0,13.567,850,304,1154,0.000232,1,1154,0.000232,13.567,0,0,0.0,0.0,0,0,0.0,0.0,0,0,0.0,0.0,google/gemma-4-26b-a4b-it,google/gemma-4-26b-a4b-it,google/gemma-4-26b-a4b-it,google/gemma-4-26b-a4b-it
sysctl_crypto_fips_enabled,Set kernel parameter 'crypto.fips_enabled' to 1,3,localhost,sysctl_crypto_fips_enabled,xccdf_org.ssgproject.content_rule_sysctl_crypto_fips_enabled,compliance,localhost.localdomain,False,critical,"The description explicitly states that enabling FIPS mode on a preexisting system is not supported and requires a kernel boot flag (fips=1) during installation. Attempting to force FIPS mode on an already installed system can lead to system instability or failure to boot, and the rule itself notes that if it fails on an installed system, it is a permanent finding that cannot be fixed via standard remediation.",False,reboot required; System instability; Boot failure; Incompatibility with existing cryptographic keys/data; Requires re-installation for proper compliance,high,discarded,,0,,,,,,,,,,,,,,,,,,,,,,,,,,,,,,3.8143181800842285,1,0,3.8,754,326,1080,0.000228,1,1080,0.000228,3.8,0,0,0.0,0.0,0,0,0.0,0.0,0,0,0.0,0.0,google/gemma-4-26b-a4b-it,google/gemma-4-26b-a4b-it,google/gemma-4-26b-a4b-it,google/gemma-4-26b-a4b-it
installed_OS_is_vendor_supported,The Installed Operating System Is Vendor Supported,3,localhost,installed_OS_is_vendor_supported,xccdf_org.ssgproject.content_rule_installed_OS_is_vendor_supported,compliance,localhost.localdomain,False,medium,This finding is an administrative/compliance check rather than a technical configuration error. It verifies if the OS is vendor-supported. Remediation cannot be performed via a script or configuration change; it requires a human to verify the support status and potentially migrate to a supported OS if the current one is EOL.,True,No technical remediation possible via configuration management; Requires manual verification of support lifecycle,low,requires_human_review,,0,,,,,,,,,,,,,,,,,,,,,,,,,,,,,,2.5183048248291016,1,0,2.508,628,279,907,0.000193,1,907,0.000193,2.508,0,0,0.0,0.0,0,0,0.0,0.0,0,0,0.0,0.0,google/gemma-4-26b-a4b-it,google/gemma-4-26b-a4b-it,google/gemma-4-26b-a4b-it,google/gemma-4-26b-a4b-it
partition_for_var_tmp,Ensure /var/tmp Located On Separate Partition,2,localhost,partition_for_var_tmp,xccdf_org.ssgproject.content_rule_partition_for_var_tmp,compliance,localhost.localdomain,False,critical,Filesystem/partition/mount-option changes can break boot or services and should not be auto-remediated.,False,reboot required; filesystems affected; filesystems/partitioning; service disruption risk,high,discarded,,0,,,,,,,,,,,,,,,,,,,,,,,,,,,,,,0.004155158996582031,0,0,0,0,0,0,0,0,0,0.0,0.0,0,0,0.0,0.0,0,0,0.0,0.0,0,0,0.0,0.0,google/gemma-4-26b-a4b-it,google/gemma-4-26b-a4b-it,google/gemma-4-26b-a4b-it,google/gemma-4-26b-a4b-it
package_gssproxy_removed,Uninstall gssproxy Package,2,localhost,package_gssproxy_removed,xccdf_org.ssgproject.content_rule_package_gssproxy_removed,compliance,localhost.localdomain,False,medium,"While removing an unused package is generally safe, the remediation script explicitly warns that removing gssproxy may trigger the removal of other dependent packages. Since gssproxy is used for GSS-API (Kerberos) authentication, its removal could impact network authentication or specific service dependencies in an enterprise environment.",True,authentication/authorization affected; Potential removal of unintended dependent packages via dnf; Possible impact on Kerberos/GSS-API authentication services,low,requires_human_review,,0,,,,,,,,,,,,,,,,,,,,,,,,,,,,,,12.921708106994629,1,0,12.912,665,282,947,0.000199,1,947,0.000199,12.912,0,0,0.0,0.0,0,0,0.0,0.0,0,0,0.0,0.0,google/gemma-4-26b-a4b-it,google/gemma-4-26b-a4b-it,google/gemma-4-26b-a4b-it,google/gemma-4-26b-a4b-it
ensure_redhat_gpgkey_installed,Ensure Red Hat GPG Key Installed,3,localhost,ensure_redhat_gpgkey_installed,xccdf_org.ssgproject.content_rule_ensure_redhat_gpgkey_installed,compliance,localhost.localdomain,True,low,"Importing the official Red Hat GPG key is a standard administrative task required for package integrity verification. It does not alter system access, networking, or critical filesystem structures, and is a prerequisite for secure package management.",False,,low,failed,,3,"ls /etc/pki/rpm-gpg/; subscription-manager status; find / -name ""RPM-GPG-KEY-redhat-release"" 2>/dev/null; dnf info redhat-release; rpm -q gpg-pubkey --qf '%{NAME}-%{VERSION}-%{RELEASE}\t%{SUMMARY}\n'",False,False,,144.4675009250641,57.966,"ls -l /etc/pki/rpm-gpg/RPM-GPG-KEY-redhat-release; rpm -q gpg-pubkey; ls /etc/pki/rpm-gpg/; dnf reinstall redhat-release -y; ls -l /etc/pki/rpm-gpg/RPM-GPG-KEY-redhat-release; rpm --import /etc/pki/rpm-gpg/RPM-GPG-KEY-Rocky-9; rpm -q gpg-pubkey; dnf search redhat-release; ls /etc/pki/rpm-gpg/RPM-GPG-KEY-redhat-release || echo ""Key not found""; rpm -q gpg-pubkey --qf '%{NAME}-%{VERSION}-%{RELEASE}\t%{SUMMARY}\n' | grep -i ""Red Hat""",False,False,,129.35683584213257,85.781,"ls -l /etc/pki/rpm-gpg/; subscription-manager refresh; ls /media/cdrom/RPM-GPG-KEY-redhat-release; rpm -qa | grep gpg-pubkey; dnf reinstall redhat-release -y; ls -l /etc/pki/rpm-gpg/; rpm --import /etc/pki/rpm-gpg/RPM-GPG-KEY-Rocky-9; rpm -qa | grep gpg-pubkey; rpm -q gpg-pubkey --qf '%{NAME}-%{VERSION}-%{RELEASE}\t%{SUMMARY}\n' | grep -i ""Rocky""",False,False,,291.88298082351685,22.848,True,False,8,"The plan is functional and addresses the core vulnerability by attempting to import the key and verifying it. It incorporates 'subscription-manager refresh' which helps fetch metadata, and includes a verification step. However, it still lacks a definitive fallback for environments where the key file is physically missing from the filesystem and the system is disconnected from Red Hat (the air-gapped/offline scenario).","If the key file is missing from /etc/pki/rpm-gpg/ and the system is offline/unregistered, 'subscription-manager refresh' will fail and the plan will not resolve the issue.; The plan assumes the key file exists locally after step 1, which may not be true in a broken installation.",True,"The plan follows standard Linux administration practices for managing GPG keys. It identifies the key, refreshes subscription metadata, imports the key using the official rpm command, and verifies the import. These operations are non-disruptive to system services and do not impact networking or authentication.",,False,Approve,1.4198598861694336,291.89123702049255,17,0,125.711,68142,3032,71174,0.010071,0,0,0.0,0.0,15,67844,0.009528,120.748,1,1867,0.000325,3.548,1,1463,0.000219,1.417,google/gemma-4-26b-a4b-it,google/gemma-4-26b-a4b-it,google/gemma-4-26b-a4b-it,google/gemma-4-26b-a4b-it
banner_etc_issue,Modify the System Login Banner,2,localhost,banner_etc_issue,xccdf_org.ssgproject.content_rule_banner_etc_issue,compliance,localhost.localdomain,True,low,"The remediation involves editing a static text file (/etc/issue) used for displaying a login banner. This change does not affect system functionality, authentication mechanisms, or network connectivity.",False,,low,failed,,3,,False,False,,304.44855189323425,97.785,,False,False,,18.829284191131592,,,False,False,,17.94028401374817,,False,False,1,"The proposed plan still provides a truncated version of the required legal disclaimer. The text in step 2 ends abruptly at '...personnel', whereas the vulnerability description requires a much longer, specific verbatim text. Executing this plan would fail to meet the compliance requirements specified in the vulnerability description.","The legal disclaimer text is incomplete and cut off mid-sentence.; The plan does not meet the DoD requirement for the full, verbatim disclaimer.",,,,,,,17.94333291053772,2,0,17.928,3144,624,3768,0.000658,0,0,0.0,0.0,1,2003,0.000369,15.825,1,1765,0.000289,2.103,0,0,0.0,0.0,google/gemma-4-26b-a4b-it,google/gemma-4-26b-a4b-it,google/gemma-4-26b-a4b-it,google/gemma-4-26b-a4b-it
accounts_password_pam_dcredit,Ensure PAM Enforces Password Requirements - Minimum Digit Characters,2,localhost,accounts_password_pam_dcredit,xccdf_org.ssgproject.content_rule_accounts_password_pam_dcredit,compliance,localhost.localdomain,True,low,"This is a standard password policy hardening measure involving the modification of /etc/security/pwquality.conf. It affects future password changes but does not impact existing user sessions or current credentials, making it a low-risk configuration change.",False,authentication/authorization affected; New password requirements may prevent users from choosing simple passwords during their next rotation,low,success,1,1,ls /etc/security/pwquality.conf.d/; sed -i 's/^#\?\s*dcredit\s*=.*/dcredit = -1/' /etc/security/pwquality.conf; sed -i '/^Per : Set dcredit = -1 in \/etc\/security\/pwquality.conf/d' /etc/security/pwquality.conf; sed -i '/^Per : Set dictcheck = 1 in \/etc\/security\/pwquality.conf/d' /etc/security/pwquality.conf; sed -i '/^Per : Set difok = 8 in \/etc\/security\/pwquality.conf/d' /etc/security/pwquality.conf; sed -i '/^Per : Set lcredit = -1 in \/etc\/security\/pwquality.conf/d' /etc/security/pwquality.conf; sed -i '/^Per : Set maxclassrepeat = 4 in \/etc\/security\/pwquality.conf/d' /etc/security/pwquality.conf; sed -i '/^Per : Set maxrepeat = 3 in \/etc\/security\/pwquality.conf/d' /etc/security/pwquality.conf; sed -i '/^Per : Set minclass = 4 in \/etc\/security\/pwquality.conf/d' /etc/security/pwquality.conf; sed -i '/^Per : Set minlen = 15 in \/etc\/security\/pwquality.conf/d' /etc/security/pwquality.conf; sed -i '/^Per : Set ocredit = -1 in \/etc\/security\/pwquality.conf/d' /etc/security/pwquality.conf; sed -i '/^Per : Set retry = 3 in \/etc\/security\/pwquality.conf/d' /etc/security/pwquality.conf,True,True,,153.16431212425232,51.462,,,,,,,,,,,,,True,True,10,The plan effectively addresses the vulnerability by ensuring the 'dcredit' parameter is set to -1 in the main configuration file and removing any conflicting overrides in the .d directory. This follows the standard logic for managing PAM quality settings.,"The plan does not explicitly mention checking for file permissions/ownership of /etc/security/pwquality.conf, although standard administrative practice implies this.",True,"The plan correctly implements the security requirement by ensuring the 'dcredit' parameter is set to -1 in the primary configuration file and removing overriding settings in the .d directory. This is a standard configuration change for PAM password quality and does not affect system connectivity or existing user access, only the complexity requirements for future password changes.",Users will be required to include at least one digit when changing their passwords in the future.,False,Approve,2.100759983062744,177.73432302474976,18,0,137.763,72990,1834,74824,0.010222,1,1156,0.00022,24.556,15,71121,0.009575,108.691,1,1236,0.000218,2.417,1,1311,0.000209,2.098,google/gemma-4-26b-a4b-it,google/gemma-4-26b-a4b-it,google/gemma-4-26b-a4b-it,google/gemma-4-26b-a4b-it
accounts_password_pam_enforce_root,Ensure PAM Enforces Password Requirements - Enforce for root User,2,localhost,accounts_password_pam_enforce_root,xccdf_org.ssgproject.content_rule_accounts_password_pam_enforce_root,compliance,localhost.localdomain,True,low,The remediation involves a simple configuration change in /etc/security/pwquality.conf to enforce password complexity for the root user. This is a standard STIG hardening practice and does not risk lockout as long as the existing root password is known and meets the new complexity requirements.,False,"authentication/authorization affected; If the current root password does not meet the new complexity requirements, future password changes for root may be restricted by the module.",low,failed,,3,,False,False,,96.96297073364258,,"rpm -q libpwquality; grep -r ""pam_pwquality.so"" /etc/pam.d/; find /etc/pam.d/ -type f; grep -r ""pam_pwquality.so"" /etc/pam.d/ || grep -r ""pam_unix.so"" /etc/pam.d/; ls -l /etc/security/pwquality.conf; cp /etc/security/pwquality.conf /etc/security/pwquality.conf.bak; sed -i '/^#\s*enforce_for_root/c\enforce_for_root = 1' /etc/security/pwquality.conf; sed -i '/^enforce_for_root/c\enforce_for_root = 1' /etc/security/pwquality.conf; sed -i '/^enforce_for_root = 1/d' /etc/security/pwquality.conf; sed -i '/^enforce_for_root = 1/d' /etc/security/pwquality.conf; sed -i '/^#\s*enforce_for_root/d' /etc/security/pwquality.conf; sed -i '/enforce_for_root/d' /etc/security/pwquality.conf",False,False,,102.91549968719482,98.428,"grep -r ""pam_pwquality.so"" /etc/pam.d/; ls /etc/pam.d/; grep -r ""pam_pwquality"" /etc/pam.d/system-auth /etc/pam.d/password-auth; sed -i '/^#\s*enforce_for_root/c\enforce_for_root = 1' /etc/security/pwquality.conf; grep ""enforce_for_root"" /etc/security/pwquality.conf; echo ""enforce_for_root = 1"" >> /etc/security/pwquality.conf",False,False,,121.15876793861389,42.351,True,True,10,"The proposed plan is complete and directly addresses the vulnerability and all previous reviewer feedback. It verifies the module's presence in PAM configurations, checks the current state of the configuration file, and provides a logic to either modify or append the correct setting ('enforce_for_root = 1') while ensuring file integrity with a newline.",,True,The plan correctly implements the security hardening requirement for pam_pwquality. Modifying pwquality.conf to enforce complexity for the root user is a standard security practice and does not impact system availability or connectivity. It only affects password change operations (passwd command) for the root user by ensuring they meet complexity requirements.,Root user may be required to use a more complex password during future password changes.,False,Approve,5.532543897628784,121.16558074951172,17,0,46.054,78584,1958,80542,0.010999,0,0,0.0,0.0,15,77992,0.010578,30.902,1,1366,0.000231,9.624,1,1184,0.000188,5.53,google/gemma-4-26b-a4b-it,google/gemma-4-26b-a4b-it,google/gemma-4-26b-a4b-it,google/gemma-4-26b-a4b-it
accounts_password_pam_lcredit,Ensure PAM Enforces Password Requirements - Minimum Lowercase Characters,2,localhost,accounts_password_pam_lcredit,xccdf_org.ssgproject.content_rule_accounts_password_pam_lcredit,compliance,localhost.localdomain,True,low,This is a standard password complexity policy change involving the modification of /etc/security/pwquality.conf. It enforces stronger password requirements for future password changes but does not immediately lock out existing users or break system authentication services.,False,authentication/authorization affected; New password requirements may affect user experience during password rotations,low,success,1,1,"sed -i 's/^#\?.*lcredit.*/lcredit = -1/' /etc/security/pwquality.conf; sed -i '/lcredit = -1/d' /etc/security/pwquality.conf; sed -i '/lcredit/d' /etc/security/pwquality.conf; echo ""lcredit = -1"" >> /etc/security/pwquality.conf",True,True,,150.05270504951477,75.248,,,,,,,,,,,,,True,False,8,"The plan correctly identifies the target file and the parameter required to enforce lowercase character requirements. While the use of `lcredit = 1` might be interpreted differently across different `pam_pwquality` versions (some documentation suggests negative values for minimum counts, e.g., -1), setting it to 1 is a valid way to influence complexity according to the provided description. The logic for updating or appending the configuration is sound.","The exact value required for 'minimum requirement' varies by pwquality version (some use -1 to require one, others use 1 to give credit); however, the plan's intent to configure the parameter is correct.; The plan targets `/etc/security/pwquality.conf` but does not explicitly check for overrides in `/etc/security/pwquality.conf.d/*.conf`, which are mentioned in the recommendation script.",True,"The plan correctly modifies the password quality configuration to enforce lowercase character requirements. While there is a nuance between using '1' (credit) and '-1' (minimum requirement) in pam_pwquality, setting 'lcredit = 1' is a valid configuration change that addresses the vulnerability without risking system stability or service availability. Authentication for existing users will not be broken, as PAM policies typically apply during password changes or new account creation.",Users changing passwords will be required to follow the new complexity requirement.,False,Approve,8.214538097381592,153.10401606559753,16,0,126.133,65505,2234,67739,0.009409,1,1158,0.000219,3.038,13,63377,0.008632,110.09,1,1579,0.000303,4.796,1,1625,0.000255,8.208,google/gemma-4-26b-a4b-it,google/gemma-4-26b-a4b-it,google/gemma-4-26b-a4b-it,google/gemma-4-26b-a4b-it
accounts_password_pam_minlen,Ensure PAM Enforces Password Requirements - Minimum Length,2,localhost,accounts_password_pam_minlen,xccdf_org.ssgproject.content_rule_accounts_password_pam_minlen,compliance,localhost.localdomain,True,low,"This is a standard password policy hardening measure involving the configuration of the pam_pwquality module. Updating the minimum password length requirement is a common STIG requirement and does not impact existing user access or system availability, though it will affect future password changes.",False,authentication/authorization affected; Users with passwords shorter than the new minimum will be unable to change their passwords until they meet the new requirement,low,failed,,3,rpm -q libpwquality; sed -i 's/^minlen =.*/minlen = 14/' /etc/security/pwquality.conf,False,False,,62.30257821083069,62.205,ls /etc/security/pwquality.conf.d/,False,False,,135.28436303138733,30.716,find /etc/security/pwquality.conf.d/ -type f,False,False,,141.16696000099182,46.109,True,True,10,"The plan is effective and follows the best practice of using modular configuration files in /etc/security/pwquality.conf.d/. By using a high numerical prefix (99), it ensures that the hardening setting takes precedence over most other configurations in that directory, addressing previous concerns regarding overrides.","The value '14' is arbitrary; while it meets most hardening standards, it should be verified against specific organizational or compliance policies (e.g., NIST, STIG).",True,"The plan uses the standard modular configuration approach for pwquality by creating a new file in /etc/security/pwquality.conf.d/. Using the 99- prefix ensures the setting takes precedence. This is a non-destructive way to enforce password length requirements and will not impact system availability or existing users, though it will affect new password changes.",Users changing passwords will be required to meet the new minimum length requirement of 14 characters.,False,Approve,1.8822948932647705,141.18436789512634,13,0,125.285,50697,2136,52833,0.007445,0,0,0.0,0.0,11,50121,0.006989,120.397,1,1473,0.000253,3.01,1,1239,0.000202,1.879,google/gemma-4-26b-a4b-it,google/gemma-4-26b-a4b-it,google/gemma-4-26b-a4b-it,google/gemma-4-26b-a4b-it
accounts_password_pam_ocredit,Ensure PAM Enforces Password Requirements - Minimum Special Characters,2,localhost,accounts_password_pam_ocredit,xccdf_org.ssgproject.content_rule_accounts_password_pam_ocredit,compliance,localhost.localdomain,True,low,"This is a standard password policy hardening measure involving the modification of the pam_pwquality configuration. It affects future password changes but does not impact existing users or current authentication sessions, and it follows standard STIG hardening patterns for PAM.",False,authentication/authorization affected; New passwords will be subject to stricter complexity requirements,low,success,1,1,ls /etc/security/pwquality.conf.d/; sed -i 's/^#\?ocredit\s*=.*/ocredit = -1/' /etc/security/pwquality.conf,True,True,,161.2445571422577,69.284,,,,,,,,,,,,,True,True,9,The plan correctly addresses the vulnerability by ensuring the 'ocredit' parameter is set to -1 in the primary configuration file and removing conflicting overrides in the .d directory. This follows the logic required to enforce the special character requirement.,"Deleting all files in /etc/security/pwquality.conf.d/*.conf that contain 'ocredit' might remove other important settings if they exist in the same file, though the plan specifies deleting the lines specifically.",True,"The plan correctly implements the security requirement by ensuring the 'ocredit' parameter is set to -1 in /etc/security/pwquality.conf. It also proactively handles configuration precedence by removing potential overrides in the /etc/security/pwquality.conf.d/ directory. While changing password complexity requirements can affect future password changes, it does not affect existing users' ability to log in or disrupt critical system services.",Future password changes will require at least one special character.,False,Approve,2.4612200260162354,166.9663209915161,15,1,154.771,43987,1545,45532,0.006336,1,1158,0.000218,5.713,12,41514,0.005643,141.444,1,1385,0.000241,5.159,1,1475,0.000233,2.454,google/gemma-4-26b-a4b-it,google/gemma-4-26b-a4b-it,google/gemma-4-26b-a4b-it,google/gemma-4-26b-a4b-it
accounts_password_pam_ucredit,Ensure PAM Enforces Password Requirements - Minimum Uppercase Characters,2,localhost,accounts_password_pam_ucredit,xccdf_org.ssgproject.content_rule_accounts_password_pam_ucredit,compliance,localhost.localdomain,True,low,"This is a standard password policy hardening measure involving the modification of the pwquality configuration. While it affects password complexity for future changes, it does not lock out existing users or break system services.",False,authentication/authorization affected; Users may be unable to change their passwords if they do not meet the new complexity requirements,low,success,1,1,cp /etc/security/pwquality.conf /etc/security/pwquality.conf.bak; ls /etc/security/pwquality.conf.d/*.conf; sed -i 's/^ucredit.*/ucredit = -1/' /etc/security/pwquality.conf,True,True,,47.31992197036743,95.193,,,,,,,,,,,,,True,True,10,The plan is sound and directly addresses the vulnerability by ensuring that ucredit is set to a negative value in the main configuration file and removing conflicting overrides. This is the correct approach for managing libpwquality settings.,"Removing all ucredit lines in /etc/security/pwquality.conf.d/ might be aggressive if those files contain other important configurations, though specifically targeting ucredit as per the plan is correct.",True,"The plan correctly addresses the vulnerability by ensuring the ucredit parameter is set to require at least one uppercase character. Removing conflicting settings in the .d directory before applying the main configuration is a standard way to ensure the desired policy is enforced. While it changes password policy for new/changed passwords, it does not break existing authentication or system services.",Future password changes will require at least one uppercase character.,False,Approve,1.1736249923706055,49.85771608352661,15,0,33.239,46974,2032,49006,0.006919,1,1174,0.000225,2.525,12,45130,0.006244,26.635,1,1320,0.000234,2.908,1,1382,0.000216,1.17,google/gemma-4-26b-a4b-it,google/gemma-4-26b-a4b-it,google/gemma-4-26b-a4b-it,google/gemma-4-26b-a4b-it
logind_session_timeout,Configure Logind to terminate idle sessions after certain time of inactivity,2,localhost,logind_session_timeout,xccdf_org.ssgproject.content_rule_logind_session_timeout,compliance,localhost.localdomain,True,low,"The remediation involves editing a configuration file (/etc/systemd/logind.conf) to set a session timeout. This is a standard hardening practice that does not impact system boot, core networking, or filesystem integrity, and it follows standard STIG patterns for session management.",False,authentication/authorization affected; Active user sessions may be terminated if they become idle,low,failed,,3,"cp /etc/systemd/logind.conf /etc/systemd/logind.conf.bak; sed -i '/^#\s*IdleActionSec=/s/^#\s*//; s/IdleActionSec=.*/IdleActionSec=30min/' /etc/systemd/logind.conf && sed -i '/^#\s*IdleAction=/s/^#\s*//; s/IdleAction=.*/IdleAction=terminate/' /etc/systemd/logind.conf && sed -i '/^#\s*StopIdleSessionSec=/s/^#\s*//; s/StopIdleSessionSec=.*/StopIdleSessionSec=30min/' /etc/systemd/logind.conf; sed -i '/^#\s*StopIdleSessionSec=/s/^#\s*//; s/StopIdleSessionSec=.*/StopIdleSessionSec=30min/' /etc/systemd/logind.conf; grep ""StopIdleSessionSec"" /etc/systemd/logind.conf; sed -i '/^#\s*StopIdleSessionSec=/s/^#\s*//' /etc/systemd/logind.conf; sed -i '/^#\s*StopIdleSessionSec=/s/^#\s*//; s/StopIdleSessionSec=.*/StopIdleSessionSec=30min/' /etc/systemd/logind.conf; grep -n ""StopIdleSessionSec"" /etc/systemd/logind.conf; sed -i '/^#\s*StopIdleSessionSec=/s/^#\s*//; s/StopIdleSessionSec=.*/StopIdleSessionSec=30min/' /etc/systemd/logind.conf || echo ""StopIdleSessionSec=30min"" >> /etc/systemd/logind.conf; sed -i '/\[Login\]/a StopIdleSessionSec=30min' /etc/systemd/logind.conf",False,False,,82.78017377853394,77.703,"cp /etc/systemd/logind.conf /etc/systemd/logind.conf.bak; grep -n ""StopIdleSessionSec"" /etc/systemd/logind.conf; systemctl restart systemd-logind; grep ""StopIdleSessionSec"" /etc/systemd/logind.conf",False,False,,56.91736102104187,63.698,cp /etc/systemd/logind.conf /etc/systemd/logind.conf.orig; sed -i '/^#\s*StopIdleSessionSec=/s/^#\s*//; s/StopIdleSessionSec=.*/StopIdleSessionSec=30min/' /etc/systemd/logind.conf; systemctl reload-or-restart systemd-logind,False,False,,177.43354415893555,45.543,True,True,10,"The proposed plan is comprehensive and directly addresses the feedback from previous reviews. It includes a backup step, logic to handle the presence or absence of the [Login] section, and uses a graceful service reload command. It will effectively resolve the vulnerability.","Using 'sed' to append lines can be error-prone if the file structure is unconventional, but the logic provided (checking for the section first) mitigates this.",True,"The plan correctly addresses the vulnerability by modifying the systemd-logind configuration. It includes a backup of the original file, logical checks for the existence of the [Login] section, and uses 'systemctl reload-or-restart' which is the standard way to apply logind configuration changes. The timeout value of 30 minutes is a reasonable security hardening parameter.",Idle user sessions will be terminated after 30 minutes of inactivity,False,Approve,9.21748399734497,177.43991780281067,14,1,165.797,48495,1935,50430,0.007078,0,0,0.0,0.0,12,47141,0.006554,150.394,1,1790,0.00029,6.192,1,1499,0.000233,9.21,google/gemma-4-26b-a4b-it,google/gemma-4-26b-a4b-it,google/gemma-4-26b-a4b-it,google/gemma-4-26b-a4b-it
accounts_authorized_local_users,Only Authorized Local User Accounts Exist on Operating System,2,localhost,accounts_authorized_local_users,xccdf_org.ssgproject.content_rule_accounts_authorized_local_users,compliance,localhost.localdomain,False,medium,"The remediation involves deleting user accounts. While the rule is a standard security practice, automated deletion of accounts without verifying if they are required for specific services, cron jobs, or application dependencies can lead to service failure or loss of administrative access.",True,authentication/authorization affected; Accidental deletion of service accounts; Loss of administrative access if the primary admin account is misidentified; Disruption of application-specific local users,medium,requires_human_review,,0,,,,,,,,,,,,,,,,,,,,,,,,,,,,,,5.850602149963379,1,0,5.844,728,292,1020,0.000211,1,1020,0.000211,5.844,0,0,0.0,0.0,0,0,0.0,0.0,0,0,0.0,0.0,google/gemma-4-26b-a4b-it,google/gemma-4-26b-a4b-it,google/gemma-4-26b-a4b-it,google/gemma-4-26b-a4b-it
file_permission_user_init_files_root,Ensure All User Initialization Files Have Mode 0740 Or Less Permissive,2,localhost,file_permission_user_init_files_root,xccdf_org.ssgproject.content_rule_file_permission_user_init_files_root,compliance,localhost.localdomain,False,low,"The remediation involves tightening permissions on user initialization files (like .bashrc, .profile, etc.) to prevent unauthorized access. This is a standard hardening practice that does not alter the content of the files or the functionality of the shell, only the access control. The script targets interactive users and avoids system accounts.",True,"authentication/authorization affected; Potential for minor disruption if a specific application relies on non-standard group permissions for a dotfile, though highly unlikely for standard shell initialization.",high,requires_human_review,,0,,,,,,,,,,,,,,,,,,,,,,,,,,,,,,16.126343965530396,1,0,16.12,938,277,1215,0.000233,1,1215,0.000233,16.12,0,0,0.0,0.0,0,0,0.0,0.0,0,0,0.0,0.0,google/gemma-4-26b-a4b-it,google/gemma-4-26b-a4b-it,google/gemma-4-26b-a4b-it,google/gemma-4-26b-a4b-it
accounts_umask_etc_profile,Ensure the Default Umask is Set Correctly in /etc/profile,2,localhost,accounts_umask_etc_profile,xccdf_org.ssgproject.content_rule_accounts_umask_etc_profile,compliance,localhost.localdomain,False,low,"The remediation involves updating the umask setting in /etc/profile and /etc/profile.d/ scripts. This is a standard hardening practice to ensure files created by users have appropriate permissions. While it affects file creation defaults, it does not impact existing files or system access/connectivity.",True,Changes default file creation permissions for new files created by users,medium,requires_human_review,,0,,,,,,,,,,,,,,,,,,,,,,,,,,,,,,4.486748218536377,1,0,4.48,863,256,1119,0.000215,1,1119,0.000215,4.48,0,0,0.0,0.0,0,0,0.0,0.0,0,0,0.0,0.0,google/gemma-4-26b-a4b-it,google/gemma-4-26b-a4b-it,google/gemma-4-26b-a4b-it,google/gemma-4-26b-a4b-it
grub2_admin_username,Set the Boot Loader Admin Username to a Non-Default Value,3,localhost,grub2_admin_username,xccdf_org.ssgproject.content_rule_grub2_admin_username,compliance,localhost.localdomain,False,critical,"The remediation involves modifying the GRUB2 bootloader configuration and regenerating the boot configuration file (grub.cfg). Any error in the bootloader configuration or the grub2-mkconfig process can lead to a non-bootable system, requiring physical or console access for recovery.",False,reboot required; authentication/authorization affected; filesystems affected; Potential for system boot failure; Risk of misconfiguring bootloader parameters; Requires manual verification of bootloader integrity,medium,discarded,,0,,,,,,,,,,,,,,,,,,,,,,,,,,,,,,5.318685293197632,1,0,5.314,791,304,1095,0.000224,1,1095,0.000224,5.314,0,0,0.0,0.0,0,0,0.0,0.0,0,0,0.0,0.0,google/gemma-4-26b-a4b-it,google/gemma-4-26b-a4b-it,google/gemma-4-26b-a4b-it,google/gemma-4-26b-a4b-it
grub2_password,Set Boot Loader Password in grub2,3,localhost,grub2_password,xccdf_org.ssgproject.content_rule_grub2_password,compliance,localhost.localdomain,False,medium,"While the command 'grub2-setpassword' is standard, modifying the bootloader configuration carries an inherent risk of preventing the system from booting correctly or locking out administrators from accessing the GRUB menu if the password is lost or the configuration is corrupted. Per policy, changes to the bootloader are high-risk.",True,authentication/authorization affected; filesystems affected; Potential for boot failure if configuration is corrupted; Risk of losing physical/console access to the boot menu if password is lost; Bootloader configuration changes are sensitive to system stability,medium,requires_human_review,,0,,,,,,,,,,,,,,,,,,,,,,,,,,,,,,5.624031066894531,1,0,5.615,638,306,944,0.000205,1,944,0.000205,5.615,0,0,0.0,0.0,0,0,0.0,0.0,0,0,0.0,0.0,google/gemma-4-26b-a4b-it,google/gemma-4-26b-a4b-it,google/gemma-4-26b-a4b-it,google/gemma-4-26b-a4b-it
network_configure_name_resolution,Configure Multiple DNS Servers in /etc/resolv.conf,2,localhost,network_configure_name_resolution,xccdf_org.ssgproject.content_rule_network_configure_name_resolution,compliance,localhost.localdomain,False,medium,"While adding redundant DNS servers is a standard hardening practice, modifying /etc/resolv.conf can lead to immediate loss of network connectivity or name resolution if incorrect IP addresses are provided. In modern RHEL 9 systems, /etc/resolv.conf is often managed by NetworkManager; manual edits may be overwritten or cause conflicts with existing network configurations.",True,networking affected; Incorrect DNS IP addresses can break name resolution; Manual edits may be overwritten by NetworkManager; Potential loss of connectivity to remote services/repositories,low,requires_human_review,,0,,,,,,,,,,,,,,,,,,,,,,,,,,,,,,4.3326029777526855,1,0,4.327,835,315,1150,0.000235,1,1150,0.000235,4.327,0,0,0.0,0.0,0,0,0.0,0.0,0,0,0.0,0.0,google/gemma-4-26b-a4b-it,google/gemma-4-26b-a4b-it,google/gemma-4-26b-a4b-it,google/gemma-4-26b-a4b-it
sysctl_net_ipv4_conf_all_forwarding,Disable Kernel Parameter for IPv4 Forwarding on all IPv4 Interfaces,2,localhost,sysctl_net_ipv4_conf_all_forwarding,xccdf_org.ssgproject.content_rule_sysctl_net_ipv4_conf_all_forwarding,compliance,localhost.localdomain,True,low,"Disabling IPv4 forwarding is a standard hardening practice for non-router hosts. The remediation involves updating sysctl configuration files, which is a low-risk operation that does not impact local authentication or filesystem integrity.",False,"networking affected; May disrupt intended routing/forwarding functionality if the host is acting as a gateway, VPN concentrator, or container host.",low,success,1,1,"sysctl net.ipv4.conf.all.forwarding; grep -r ""net.ipv4.conf.all.forwarding"" /etc/sysctl.conf /etc/sysctl.d/; sysctl --system; sysctl net.ipv4.conf.all.forwarding; sed -i 's/net.ipv4.conf.all.forwarding = 1/net.ipv4.conf.all.forwarding = 0/g' /etc/sysctl.conf; sysctl --system; sysctl net.ipv4.conf.all.forwarding",True,True,,76.10913610458374,42.572,,,,,,,,,,,,,True,True,10,"The plan is effective and follows best practices by using a dedicated file in /etc/sysctl.d/ to ensure the setting takes precedence (via the 99 prefix) and provides a clean, modular way to manage the configuration. Applying the changes with sysctl -p will ensure the runtime state is updated immediately.",,True,The plan correctly addresses the vulnerability by ensuring IPv4 forwarding is disabled both at runtime and persistently. Using a high-priority file in /etc/sysctl.d/ (99-...) is a best practice in RHEL/Rocky Linux for overriding previous configurations without destroying existing file integrity. Disabling IPv4 forwarding is a standard hardening step and is unlikely to affect standard server operations unless the machine is explicitly acting as a router or gateway.,"Disabling IPv4 forwarding will stop the system from routing traffic between interfaces, which may impact the functionality if the system is intentionally configured as a VPN gateway, NAT router, or container host.",False,Approve,8.305734157562256,100.63692378997803,18,0,70.968,89936,2487,92423,0.012686,1,1223,0.000232,24.512,15,88268,0.011967,34.913,1,1408,0.000239,3.241,1,1524,0.000249,8.301,google/gemma-4-26b-a4b-it,google/gemma-4-26b-a4b-it,google/gemma-4-26b-a4b-it,google/gemma-4-26b-a4b-it
dir_perms_world_writable_root_owned,Ensure All World-Writable Directories Are Owned by root User,2,localhost,dir_perms_world_writable_root_owned,xccdf_org.ssgproject.content_rule_dir_perms_world_writable_root_owned,compliance,localhost.localdomain,False,medium,"While the intent is to harden permissions, a recursive 'find' and 'chown' across the entire filesystem can break applications that intentionally use world-writable directories owned by non-root users (e.g., shared data directories, specific service accounts, or container runtimes). Automated remediation could lead to service failures or application errors.",True,filesystems affected; Application breakage due to unexpected ownership changes; Potential disruption of services relying on non-root owned world-writable directories; Filesystem-wide scan impact on I/O,high,requires_human_review,,0,,,,,,,,,,,,,,,,,,,,,,,,,,,,,,7.663802146911621,1,0,7.657,854,330,1184,0.000243,1,1184,0.000243,7.657,0,0,0.0,0.0,0,0,0.0,0.0,0,0,0.0,0.0,google/gemma-4-26b-a4b-it,google/gemma-4-26b-a4b-it,google/gemma-4-26b-a4b-it,google/gemma-4-26b-a4b-it
dir_perms_world_writable_sticky_bits,Verify that All World-Writable Directories Have Sticky Bits Set,2,localhost,dir_perms_world_writable_sticky_bits,xccdf_org.ssgproject.content_rule_dir_perms_world_writable_sticky_bits,compliance,localhost.localdomain,False,medium,"While applying the sticky bit is generally a security best practice, the remediation script performs a filesystem-wide scan and applies changes to all world-writable directories. Some legacy or specialized applications may rely on specific directory behaviors that could be disrupted by the sticky bit, and the description explicitly warns to consult application documentation before blindly changing modes.",True,filesystems affected; Potential disruption of application-specific directory behaviors; Filesystem-wide scan may impact performance on very large filesystems; Unexpected changes to directory permissions for non-standard software,high,requires_human_review,,0,,,,,,,,,,,,,,,,,,,,,,,,,,,,,,5.790735960006714,1,0,5.781,804,306,1110,0.000227,1,1110,0.000227,5.781,0,0,0.0,0.0,0,0,0.0,0.0,0,0,0.0,0.0,google/gemma-4-26b-a4b-it,google/gemma-4-26b-a4b-it,google/gemma-4-26b-a4b-it,google/gemma-4-26b-a4b-it
file_permissions_backup_etc_group,Verify Permissions on Backup group File,2,localhost,file_permissions_backup_etc_group,xccdf_org.ssgproject.content_rule_file_permissions_backup_etc_group,compliance,localhost.localdomain,True,low,"The finding involves setting standard permissions (0644) on a backup file (/etc/group-). This is a non-critical backup file and changing its permissions does not impact system operation, authentication, or service availability.",False,,low,success,1,1,ls -l /etc/group-; chmod 0644 /etc/group-; ls -l /etc/group-,True,True,,55.2718141078949,110.568,,,,,,,,,,,,,True,True,10,The plan directly addresses the vulnerability by applying the specific permission mode (0644) requested in the description and uses a standard verification workflow.,,True,"The remediation targets '/etc/group-', which is a backup file for the group configuration. Changing its permissions to 0644 (rw-r--r--) is a standard hardening practice and will not affect the system's ability to read the active '/etc/group' file or impact authentication, SSH, or other critical services.",,False,Approve,2.7271480560302734,68.85659575462341,12,0,44.52,18290,1430,19720,0.00295,1,842,0.000169,13.572,9,17165,0.002481,17.574,1,834,0.000154,10.648,1,879,0.000146,2.724,google/gemma-4-26b-a4b-it,google/gemma-4-26b-a4b-it,google/gemma-4-26b-a4b-it,google/gemma-4-26b-a4b-it
file_permissions_backup_etc_gshadow,Verify Permissions on Backup gshadow File,2,localhost,file_permissions_backup_etc_gshadow,xccdf_org.ssgproject.content_rule_file_permissions_backup_etc_gshadow,compliance,localhost.localdomain,True,low,The finding involves setting restrictive permissions (0000) on a backup file (/etc/gshadow-). This is a standard hardening practice to prevent unauthorized access to sensitive shadow information and does not affect the operation of the active /etc/gshadow file or system authentication services.,False,,low,success,1,1,ls -l /etc/gshadow-; chmod 0000 /etc/gshadow-; ls -l /etc/gshadow-,True,True,,53.87679100036621,54.829,,,,,,,,,,,,,True,True,10,The plan directly addresses the vulnerability by applying the recommended permissions to the backup file. The approach is straightforward and effective.,,True,"The remediation target is a backup file (/etc/gshadow-), not the active /etc/gshadow file used by the system for authentication. Setting permissions to 0000 on a backup file is a standard hardening practice to prevent sensitive data exposure and will not impact system authentication, service functionality, or SSH access.",,False,Approve,4.923256874084473,56.89384984970093,12,0,32.399,17782,1302,19084,0.002832,1,863,0.000175,3.007,9,16449,0.002364,15.066,1,847,0.000141,9.408,1,925,0.000152,4.918,google/gemma-4-26b-a4b-it,google/gemma-4-26b-a4b-it,google/gemma-4-26b-a4b-it,google/gemma-4-26b-a4b-it
file_permissions_backup_etc_passwd,Verify Permissions on Backup passwd File,2,localhost,file_permissions_backup_etc_passwd,xccdf_org.ssgproject.content_rule_file_permissions_backup_etc_passwd,compliance,localhost.localdomain,True,low,The finding involves setting standard permissions (0644) on a backup file (/etc/passwd-). This is a non-critical backup file and changing its permissions does not affect the active system authentication process or service availability.,False,,low,success,1,1,ls -l /etc/passwd-; chmod 0644 /etc/passwd-; ls -l /etc/passwd-,True,True,,164.31560897827148,83.998,,,,,,,,,,,,,True,True,10,"The plan is direct, correct, and follows a logical workflow of verification, remediation, and post-remediation validation. It directly addresses the vulnerability description.",,True,"The plan modifies the permissions of the backup passwd file (/etc/passwd-), which is not used by the system for active authentication processes. Changing its permissions to 0644 is a standard hardening practice and poses no risk to system stability or user access.",,False,Approve,7.958332061767578,174.00298595428467,13,1,160.171,16981,1156,18137,0.00267,1,851,0.000172,9.676,10,15594,0.00221,139.289,1,819,0.000146,3.252,1,873,0.000141,7.955,google/gemma-4-26b-a4b-it,google/gemma-4-26b-a4b-it,google/gemma-4-26b-a4b-it,google/gemma-4-26b-a4b-it
file_permissions_backup_etc_shadow,Verify Permissions on Backup shadow File,2,localhost,file_permissions_backup_etc_shadow,xccdf_org.ssgproject.content_rule_file_permissions_backup_etc_shadow,compliance,localhost.localdomain,True,low,"The finding concerns the permissions of a backup shadow file (/etc/shadow-), not the active /etc/shadow file. Restricting permissions on a backup file is a standard hardening practice and does not impact system authentication or service availability.",False,,low,success,1,1,ls -l /etc/shadow-; chmod 0000 /etc/shadow-; ls -l /etc/shadow-,True,True,,31.0467529296875,23.084,,,,,,,,,,,,,True,True,10,"The plan correctly addresses the vulnerability by restricting all access to the backup shadow file. Using chmod 0000 is a valid way to ensure no user (including root, though root can bypass it) can accidentally read or modify the file without explicit permission changes, effectively neutralizing the risk of the sensitive file being leaked.",,True,"The file /etc/shadow- is a backup file of the shadow password file. Restricting its permissions to 0000 is a standard security hardening practice to prevent unauthorized access to password hashes. This action does not affect the primary /etc/shadow file used by the authentication system (PAM, sshd, etc.), so it will not cause lockouts or service outages.",,False,Approve,1.5503449440002441,40.97649693489075,12,0,33.555,19009,1495,20504,0.003069,1,855,0.000174,9.918,9,17908,0.002589,19.106,1,828,0.000154,2.985,1,913,0.000153,1.546,google/gemma-4-26b-a4b-it,google/gemma-4-26b-a4b-it,google/gemma-4-26b-a4b-it,google/gemma-4-26b-a4b-it
file_permissions_etc_group,Verify Permissions on group File,2,localhost,file_permissions_etc_group,xccdf_org.ssgproject.content_rule_file_permissions_etc_group,compliance,localhost.localdomain,True,low,Changing /etc/group permissions to 0644 is a standard STIG hardening procedure to prevent unauthorized modification of group memberships. This is a simple file permission change that does not impact system availability or access.,False,authentication/authorization affected,low,success,1,1,"stat -c ""%a %n"" /etc/group; chmod 0644 /etc/group; stat -c ""%a %n"" /etc/group",True,True,,29.863086700439453,60.505,,,,,,,,,,,,,True,True,10,"The plan effectively addresses the vulnerability. By explicitly removing special bits (s, w, t) and setting the standard 0644 permissions (u+rw, g+r, o+r), the plan ensures the file reaches the desired state regardless of its current permission setting.",,True,"The plan correctly resets /etc/group to the standard 0644 permissions while removing unnecessary special bits (setuid, setgid, sticky). This is a standard security hardening procedure and will not disrupt system authentication or critical services.",,False,Approve,1.4537131786346436,42.77993607521057,12,0,37.131,17600,1096,18696,0.002726,1,837,0.000168,12.904,9,16133,0.002259,10.292,1,842,0.000158,12.489,1,884,0.000141,1.446,google/gemma-4-26b-a4b-it,google/gemma-4-26b-a4b-it,google/gemma-4-26b-a4b-it,google/gemma-4-26b-a4b-it
file_permissions_etc_gshadow,Verify Permissions on gshadow File,2,localhost,file_permissions_etc_gshadow,xccdf_org.ssgproject.content_rule_file_permissions_etc_gshadow,compliance,localhost.localdomain,True,low,Changing permissions on /etc/gshadow to 0000 is a standard STIG hardening procedure to protect shadow group information. It is a simple file permission change that does not impact system availability or connectivity.,False,authentication/authorization affected,low,success,1,1,ls -l /etc/gshadow; chmod 0000 /etc/gshadow; ls -l /etc/gshadow,True,True,,54.180944204330444,64.655,,,,,,,,,,,,,True,False,9,"The plan effectively addresses the vulnerability by setting the permissions to 0000 as recommended in the triage and the vulnerability description. However, the recommendation in the vulnerability description (chmod u-xwrs,g-xwrs,o-xwrt) and the plan (chmod 0000) are slightly different approaches, though both achieve the goal of removing access. Setting to 0000 is a standard hardening practice for this file.","Setting permissions to 0000 may prevent certain system processes from reading group shadow information if they are not running as root, although this is typically the intent of the hardening measure.",True,"Setting /etc/gshadow to 0000 is a common hardening practice in STIG-compliant environments. While it removes all non-root access, system processes requiring group shadow information typically run with root privileges, ensuring authentication and service functionality remain intact.",Non-root processes may be unable to read group shadow information,False,Approve,1.4914889335632324,57.02589797973633,12,0,40.005,18328,1381,19709,0.002935,1,838,0.000167,2.833,9,16910,0.002408,22.388,1,962,0.0002,13.297,1,999,0.000161,1.486,google/gemma-4-26b-a4b-it,google/gemma-4-26b-a4b-it,google/gemma-4-26b-a4b-it,google/gemma-4-26b-a4b-it
file_permissions_etc_passwd,Verify Permissions on passwd File,2,localhost,file_permissions_etc_passwd,xccdf_org.ssgproject.content_rule_file_permissions_etc_passwd,compliance,localhost.localdomain,True,low,Changing /etc/passwd permissions to 0644 is a standard security hardening practice that ensures the file is readable by all users (required for system lookups) but only writable by root. This follows standard STIG hardening patterns for file permissions and does not risk system lockout or service breakage.,False,authentication/authorization affected,low,success,1,1,stat /etc/passwd; chmod 0644 /etc/passwd; stat /etc/passwd,True,True,,38.00065994262695,57.59,,,,,,,,,,,,,True,True,10,The plan directly addresses the vulnerability by applying the standard 0644 permission set. The verification steps using 'stat' are appropriate for confirming the change.,,True,"The plan sets /etc/passwd to 0644, which is the standard, required permission for this file on RHEL/Rocky Linux systems. This allows all users and services to read user information (required for UID/GID lookups) while preventing unauthorized writes. It does not affect execution bits or ownership, so it will not break authentication or system functionality.",,False,Approve,5.3458898067474365,43.726322889328,12,0,28.665,20165,1283,21448,0.003135,1,847,0.000172,5.716,9,18875,0.002668,15.666,1,829,0.000145,1.943,1,897,0.00015,5.341,google/gemma-4-26b-a4b-it,google/gemma-4-26b-a4b-it,google/gemma-4-26b-a4b-it,google/gemma-4-26b-a4b-it
file_permissions_etc_shadow,Verify Permissions on shadow File,2,localhost,file_permissions_etc_shadow,xccdf_org.ssgproject.content_rule_file_permissions_etc_shadow,compliance,localhost.localdomain,True,low,"Correcting permissions on /etc/shadow to restrict access is a standard STIG hardening procedure. The recommended command removes all permissions for all users, which is the standard way to ensure only the root user (via specific processes) can access sensitive password hashes. This does not break system functionality as long as the file remains owned by root.",False,"authentication/authorization affected; Incorrectly applying permissions could theoretically impact specific legacy services that read shadow directly, though this is rare on modern RHEL 9 systems.",low,failed,,3,,False,False,,15.759644985198975,,ls -l /etc/shadow; chmod 600 /etc/shadow; ls -l /etc/shadow,False,False,,135.5429790019989,24.6,,False,False,,16.791755199432373,,True,False,7,"The plan successfully addresses the ownership requirement and ensures the file is restricted. However, it reverts to the '0000' permission approach mentioned in the vulnerability description rather than the '600' approach suggested in previous reviews. While '0000' will satisfy the security scan/audit requirement, it makes the file unreadable even to the root user until permissions are changed back, which is an operational inconvenience.","Setting permissions to 0000 is extremely restrictive and prevents the root user from reading the file without an intermediate chmod command.; The plan does not explicitly check for the existence of the file before attempting to chown or chmod, which could lead to errors in a script.",False,"Setting /etc/shadow to permissions 0000 will break the authentication process for the entire system. While the root user can technically bypass permissions via capabilities, many critical services, authentication modules (PAM), and system utilities rely on being able to read /etc/shadow to validate user credentials. Setting it to 0000 will cause nearly all login attempts (including SSH and local console) and sudo elevations to fail, effectively locking the system.",System-wide authentication failure; Loss of ability to log in via SSH or local console; Failure of 'sudo' and other PAM-based services,False,Rollback,7.937702894210815,16.79468584060669,3,0,16.767,3451,1080,4531,0.000881,0,0,0.0,0.0,1,2072,0.000428,5.894,1,1361,0.000258,2.941,1,1098,0.000194,7.932,google/gemma-4-26b-a4b-it,google/gemma-4-26b-a4b-it,google/gemma-4-26b-a4b-it,google/gemma-4-26b-a4b-it
file_groupowner_var_log,Verify Group Who Owns /var/log Directory,2,localhost,file_groupowner_var_log,xccdf_org.ssgproject.content_rule_file_groupowner_var_log,compliance,localhost.localdomain,True,low,Changing the group ownership of /var/log to root is a standard hardening practice and is unlikely to disrupt system logging or service functionality on a standard RHEL 9 system.,False,filesystems affected; Potential impact on specific non-standard services that expect a different group ownership for /var/log,low,success,1,1,ls -ld /var/log; chgrp root /var/log; ls -ld /var/log,True,True,,42.67741537094116,26.474,,,,,,,,,,,,,True,True,10,The plan is straightforward and directly addresses the vulnerability by ensuring the /var/log directory is owned by the root group. It includes verification steps which is good practice.,"While changing the group of /var/log to root is standard, some specific service-managed subdirectories within /var/log might rely on specific group ownership (e.g., syslog, adm) to function correctly if they were nested or if the parent group change affects inheritance, though changing the directory itself is generally safe.",True,"Changing the group ownership of the /var/log directory itself to 'root' is a standard security hardening practice on RHEL/Rocky Linux systems. The plan targets only the directory itself using '-maxdepth 0' logic in the recommendation or a single 'chgrp' command in the plan, which avoids inadvertently changing the ownership of specific subdirectories (like /var/log/audit or /var/log/messages) that may require specific group permissions for service functionality.",,False,Approve,5.7835776805877686,48.31878399848938,12,0,31.307,18985,1403,20388,0.003029,1,956,0.000194,5.631,9,17345,0.002457,16.438,1,1008,0.000199,3.455,1,1079,0.000179,5.782,google/gemma-4-26b-a4b-it,google/gemma-4-26b-a4b-it,google/gemma-4-26b-a4b-it,google/gemma-4-26b-a4b-it
file_owner_var_log,Verify User Who Owns /var/log Directory,2,localhost,file_owner_var_log,xccdf_org.ssgproject.content_rule_file_owner_var_log,compliance,localhost.localdomain,True,low,Changing the ownership of /var/log to root is a standard security hardening practice to prevent non-privileged users from manipulating system logs. The remediation script is a targeted chown command on a single directory and does not impact system availability or access.,False,"filesystems affected; Potential disruption to specific services that might expect non-root ownership of subdirectories within /var/log, though the rule specifically targets the top-level directory.",low,success,1,1,ls -ld /var/log; chown root /var/log; ls -ld /var/log,True,True,,193.62837100028992,32.797,,,,,,,,,,,,,True,True,10,"The plan is direct, effective, and follows the recommendation to ensure /var/log is owned by root. The verification steps (ls -ld) are good practice for manual remediation.",,True,"The /var/log directory is a standard system directory that should be owned by root. Changing the ownership to root is a standard security hardening practice and will not disrupt system services, as most logging daemons run as root or use specific subdirectories/files with appropriate permissions. The plan includes verification steps which is good practice.",,False,Approve,5.525883913040161,197.691645860672,12,0,192.362,19156,1448,20604,0.003069,1,980,0.000205,4.046,9,17792,0.002547,180.712,1,899,0.000165,2.083,1,933,0.000152,5.52,google/gemma-4-26b-a4b-it,google/gemma-4-26b-a4b-it,google/gemma-4-26b-a4b-it,google/gemma-4-26b-a4b-it
file_permissions_var_log,Verify Permissions on /var/log Directory,2,localhost,file_permissions_var_log,xccdf_org.ssgproject.content_rule_file_permissions_var_log,compliance,localhost.localdomain,True,low,"The finding involves correcting directory permissions on /var/log to remove SUID, SGID, or sticky bits that are not required. This is a standard hardening practice that does not impact system availability or access.",False,filesystems affected,low,success,1,1,ls -ld /var/log; chmod 0755 /var/log; ls -ld /var/log,True,True,,44.248480796813965,44.759,,,,,,,,,,,,,True,True,10,"The plan is sound. It correctly prioritizes inspecting the current state before applying changes and uses the specific recommendation provided in the vulnerability description to remove special bits (SUID, SGID, sticky bit). The approach of checking if the permissions are already 0755 before applying the fix is a cautious and correct workflow.",,True,"The plan is highly cautious and follows best practices by inspecting the directory state before applying changes. Removing SUID, SGID, and the sticky bit from the /var/log directory itself is a standard hardening measure and does not interfere with the actual log files or the services that write to them. The use of find with maxdepth 0 ensures only the directory itself is targeted, minimizing any risk to subdirectories or files.",,False,Approve,3.3485817909240723,48.985243797302246,12,0,39.607,19216,1585,20801,0.003132,1,879,0.000176,4.722,9,17838,0.002597,18.947,1,1007,0.000184,12.593,1,1077,0.000176,3.344,google/gemma-4-26b-a4b-it,google/gemma-4-26b-a4b-it,google/gemma-4-26b-a4b-it,google/gemma-4-26b-a4b-it
file_permissions_var_log_messages,Verify Permissions on /var/log/messages File,2,localhost,file_permissions_var_log_messages,xccdf_org.ssgproject.content_rule_file_permissions_var_log_messages,compliance,localhost.localdomain,True,low,Changing file permissions on a log file to restrict access to the root user is a standard hardening practice and does not impact system availability or service functionality.,False,,low,success,1,1,ls -l /var/log/messages; chmod 0600 /var/log/messages; ls -l /var/log/messages,True,True,,160.84562587738037,36.476,,,,,,,,,,,,,True,True,10,The plan correctly addresses the vulnerability by setting the permissions to 0600 as recommended. The verification steps ensure the change was applied successfully.,,True,The plan correctly implements the recommended security hardening by restricting access to /var/log/messages to the root user only. This is standard practice for system logs containing sensitive information and is unlikely to disrupt system operations as the syslog/rsyslog daemon typically runs as root or has sufficient privileges to write to the file.,,False,Approve,1.6826860904693604,165.39816880226135,13,1,154.97,17154,1187,18341,0.002705,1,850,0.000169,4.539,10,15791,0.002252,147.201,1,797,0.000135,1.548,1,903,0.000148,1.681,google/gemma-4-26b-a4b-it,google/gemma-4-26b-a4b-it,google/gemma-4-26b-a4b-it,google/gemma-4-26b-a4b-it
mount_option_boot_efi_nosuid,Add nosuid Option to /boot/efi,2,localhost,mount_option_boot_efi_nosuid,xccdf_org.ssgproject.content_rule_mount_option_boot_efi_nosuid,compliance,localhost.localdomain,True,low,"Adding the 'nosuid' mount option to the EFI partition is a standard security hardening practice that prevents setuid binaries from executing from that partition. It is a non-disruptive change to /etc/fstab that does not affect system bootability or core functionality, provided the partition does not rely on SUID binaries (which is standard for /boot/efi).",False,"filesystems affected; Potential for unexpected behavior if a specific application requires SUID binaries to be located on the EFI partition, though this is highly non-standard.",low,success,1,1,"cp /etc/fstab /etc/fstab.bak; sed -i '/\/boot\/efi/ s/\([^ ]*\) \([^ ]*\) \([^ ]*\) \([^ ]*\)/\1 \2 \3 \4,nosuid/' /etc/fstab; cp /etc/fstab /etc/fstab.bak; mount -o remount /boot/efi; mount | grep /boot/efi",True,True,,51.605401039123535,48.019,,,,,,,,,,,,,True,True,10,The plan correctly identifies the requirement to modify the fourth column of /etc/fstab to include the 'nosuid' option for the /boot/efi mount point. This is a standard hardening procedure.,,True,Adding 'nosuid' to the /boot/efi mount options is a standard security hardening practice that prevents SUID binaries from executing from the EFI partition. The plan to modify /etc/fstab using sed to append the option to the fourth column is the correct procedure for this vulnerability and is unlikely to impact system boot or service availability.,,False,Approve,2.0920000076293945,58.91914176940918,17,0,43.197,49194,2085,51279,0.007229,1,1241,0.000254,7.298,14,47637,0.006577,29.696,1,1203,0.000211,4.115,1,1198,0.000188,2.088,google/gemma-4-26b-a4b-it,google/gemma-4-26b-a4b-it,google/gemma-4-26b-a4b-it,google/gemma-4-26b-a4b-it
mount_option_boot_nodev,Add nodev Option to /boot,2,localhost,mount_option_boot_nodev,xccdf_org.ssgproject.content_rule_mount_option_boot_nodev,compliance,localhost.localdomain,False,medium,"Modifying mount options in /etc/fstab for the /boot partition carries a risk of system boot failure if the syntax is incorrect or if the specific filesystem/bootloader configuration requires device files in that location. While standard hardening, any change to boot-critical mount points should be verified by a human to ensure the system remains bootable.",True,reboot required; filesystems affected; Potential for system boot failure if /etc/fstab syntax is corrupted; Risk of preventing necessary device access during boot process if misconfigured,medium,requires_human_review,,0,,,,,,,,,,,,,,,,,,,,,,,,,,,,,,3.1252212524414062,1,0,3.114,896,310,1206,0.00024,1,1206,0.00024,3.114,0,0,0.0,0.0,0,0,0.0,0.0,0,0,0.0,0.0,google/gemma-4-26b-a4b-it,google/gemma-4-26b-a4b-it,google/gemma-4-26b-a4b-it,google/gemma-4-26b-a4b-it
mount_option_boot_nosuid,Add nosuid Option to /boot,2,localhost,mount_option_boot_nosuid,xccdf_org.ssgproject.content_rule_mount_option_boot_nosuid,compliance,localhost.localdomain,False,medium,"Modifying mount options in /etc/fstab for the /boot partition carries a risk of system boot failure if the syntax is incorrect or if specific bootloader components require SUID bits. While generally a standard hardening practice, any change to the boot partition configuration requires verification to ensure the system remains bootable.",True,reboot required; filesystems affected; Potential for boot failure if /etc/fstab syntax is corrupted; Risk of breaking bootloader components that may rely on SUID/SGID permissions,medium,requires_human_review,,0,,,,,,,,,,,,,,,,,,,,,,,,,,,,,,4.345923185348511,1,0,4.329,884,322,1206,0.000244,1,1206,0.000244,4.329,0,0,0.0,0.0,0,0,0.0,0.0,0,0,0.0,0.0,google/gemma-4-26b-a4b-it,google/gemma-4-26b-a4b-it,google/gemma-4-26b-a4b-it,google/gemma-4-26b-a4b-it
mount_option_dev_shm_nodev,Add nodev Option to /dev/shm,2,localhost,mount_option_dev_shm_nodev,xccdf_org.ssgproject.content_rule_mount_option_dev_shm_nodev,compliance,localhost.localdomain,True,low,Adding the 'nodev' mount option to /dev/shm is a standard security hardening practice to prevent the creation of device files in a shared memory directory. It is a non-disruptive change to /etc/fstab that does not affect system boot or core authentication services.,False,filesystems affected; Potential for rare application failure if an application specifically requires creating device files in /dev/shm (highly non-standard),low,success,2,2,"cp /etc/fstab /etc/fstab.bak; sed -i '/\/dev\/shm/ s/defaults/defaults,nodev/' /etc/fstab; systemctl daemon-reload",False,False,,56.529902935028076,54.527,"mount | grep /dev/shm; sed -i '/\/dev\/shm/ s/\b\([^,]*nodev[^,]*\)\b/\1/' /etc/fstab || true; mount -o remount /dev/shm; mount | grep /dev/shm",True,True,,142.8294939994812,91.36,,,,,,,True,False,7,"The proposed plan correctly identifies the target file and the necessary modification to resolve the vulnerability. It addresses the previous concern regarding duplicate 'nodev' entries by explicitly checking for its presence before appending. However, it still lacks the defensive measures requested in the previous review, specifically regarding file backups and syntax verification.","No explicit step to create a backup of /etc/fstab before modification.; No verification step to validate the syntax of /etc/fstab (e.g., using findmnt --verify) to prevent boot failure due to accidental corruption.",True,"The plan correctly targets the /etc/fstab entry for /dev/shm to add the 'nodev' mount option, which is a standard security hardening practice. While it lacks a backup step and syntax validation, the risk of breaking critical services by adding 'nodev' to /dev/shm is extremely low, as /dev/shm is a tmpfs used for shared memory and does not require device nodes. The plan also includes a check to prevent duplicate entries.",Changes to /etc/fstab mount options for /dev/shm,False,Approve,3.023258924484253,142.83344197273254,14,0,119.832,45058,2211,47269,0.006742,0,0,0.0,0.0,12,44450,0.006252,111.256,1,1505,0.000275,5.557,1,1314,0.000216,3.019,google/gemma-4-26b-a4b-it,google/gemma-4-26b-a4b-it,google/gemma-4-26b-a4b-it,google/gemma-4-26b-a4b-it
mount_option_dev_shm_noexec,Add noexec Option to /dev/shm,2,localhost,mount_option_dev_shm_noexec,xccdf_org.ssgproject.content_rule_mount_option_dev_shm_noexec,compliance,localhost.localdomain,False,medium,"Applying 'noexec' to /dev/shm prevents any binary execution from that shared memory space. While a standard hardening practice, many applications (including certain databases, browsers, and container runtimes) rely on executing scripts or binaries from /dev/shm. Applying this blindly via /etc/fstab could break critical application functionality.",True,filesystems affected; Application failure if software requires execution from /dev/shm; Potential breakage of container runtimes or orchestration tools; Unexpected behavior in user-space applications using shared memory for temporary execution,medium,requires_human_review,,0,,,,,,,,,,,,,,,,,,,,,,,,,,,,,,7.327864170074463,1,0,7.321,924,347,1271,0.000259,1,1271,0.000259,7.321,0,0,0.0,0.0,0,0,0.0,0.0,0,0,0.0,0.0,google/gemma-4-26b-a4b-it,google/gemma-4-26b-a4b-it,google/gemma-4-26b-a4b-it,google/gemma-4-26b-a4b-it
mount_option_dev_shm_nosuid,Add nosuid Option to /dev/shm,2,localhost,mount_option_dev_shm_nosuid,xccdf_org.ssgproject.content_rule_mount_option_dev_shm_nosuid,compliance,localhost.localdomain,True,low,Adding the 'nosuid' mount option to /dev/shm is a standard security hardening practice to prevent setuid binaries from executing in a world-writable shared memory space. It is a non-disruptive configuration change to /etc/fstab.,False,filesystems affected; Potential impact on legacy applications that rely on setuid binaries located in /dev/shm,low,success,2,2,"cat /etc/fstab; mount | grep /dev/shm; ls -l /dev/shm; grep ""/dev/shm"" /etc/fstab; cat /etc/fstab; ls /; ls -a /",False,False,,153.9692599773407,71.212,"cp /etc/fstab /etc/fstab.bak; sed -i '/[[:space:]]\/dev\/shm[[:space:]]/ s/\(defaults,nodev\)/&,nosuid/' /etc/fstab; mount -o remount,nosuid /dev/shm",True,True,,91.10288715362549,25.195,,,,,,,True,True,10,The plan is sound and directly addresses the vulnerability by both updating the persistent configuration in /etc/fstab and applying the change to the live system via remount. It incorporates the safety checks requested in the previous review by explicitly mentioning the need to ensure 'nosuid' is not already present before appending it.,The sed command must be carefully regex-patterned to avoid corrupting the options column if it contains complex flags or if the mount point is a substring of another entry.,True,"The plan correctly addresses the vulnerability by adding the 'nosuid' mount option to /dev/shm, both persistently in /etc/fstab and actively via a remount command. /dev/shm is a temporary filesystem used for shared memory, and applying 'nosuid' is a standard security hardening practice that prevents setuid binaries from executing from this location. It is highly unlikely to impact core system services or access.",,False,Approve,3.3282642364501953,91.11085820198059,13,0,51.647,40428,2275,42703,0.006166,0,0,0.0,0.0,11,39989,0.005704,43.975,1,1436,0.000258,4.345,1,1278,0.000203,3.326,google/gemma-4-26b-a4b-it,google/gemma-4-26b-a4b-it,google/gemma-4-26b-a4b-it,google/gemma-4-26b-a4b-it
mount_option_home_noexec,Add noexec Option to /home,2,localhost,mount_option_home_noexec,xccdf_org.ssgproject.content_rule_mount_option_home_noexec,compliance,localhost.localdomain,False,medium,"Applying the 'noexec' mount option to /home prevents any binaries or scripts from being executed from that partition. This can break user-level applications, custom scripts, or developer tools (like compilers or language runtimes) that rely on executing files within the user's home directory. While it is a standard hardening step, it carries a high risk of breaking user workflows.",True,"reboot required; filesystems affected; Prevents execution of scripts and binaries in /home; May break developer tools, compilers, and local application installs; Can cause unexpected failures in user-space automation or cron jobs located in /home",medium,requires_human_review,,0,,,,,,,,,,,,,,,,,,,,,,,,,,,,,,2.763223171234131,1,0,2.754,868,316,1184,0.000239,1,1184,0.000239,2.754,0,0,0.0,0.0,0,0,0.0,0.0,0,0,0.0,0.0,google/gemma-4-26b-a4b-it,google/gemma-4-26b-a4b-it,google/gemma-4-26b-a4b-it,google/gemma-4-26b-a4b-it
mount_option_home_nosuid,Add nosuid Option to /home,2,localhost,mount_option_home_nosuid,xccdf_org.ssgproject.content_rule_mount_option_home_nosuid,compliance,localhost.localdomain,False,medium,"Modifying mount options in /etc/fstab requires careful validation to ensure the mount point is correctly defined and that no legitimate setuid binaries exist in /home that are required for user workflows. While not 'too dangerous' like a bootloader change, it involves filesystem configuration that could impact user application functionality if not verified.",True,filesystems affected; Potential breakage of user-specific applications that rely on setuid binaries within /home; Risk of mount failure if /etc/fstab syntax is incorrectly modified,medium,requires_human_review,,0,,,,,,,,,,,,,,,,,,,,,,,,,,,,,,6.094462871551514,1,0,6.086,885,318,1203,0.000242,1,1203,0.000242,6.086,0,0,0.0,0.0,0,0,0.0,0.0,0,0,0.0,0.0,google/gemma-4-26b-a4b-it,google/gemma-4-26b-a4b-it,google/gemma-4-26b-a4b-it,google/gemma-4-26b-a4b-it
mount_option_nodev_nonroot_local_partitions,Add nodev Option to Non-Root Local Partitions,2,localhost,mount_option_nodev_nonroot_local_partitions,xccdf_org.ssgproject.content_rule_mount_option_nodev_nonroot_local_partitions,compliance,localhost.localdomain,False,medium,"While adding 'nodev' is a standard hardening practice, it modifies /etc/fstab. If a non-root partition is used to host device nodes or is required by a specific application/service to function as a block/character device, applying this change will cause service failure or system instability upon the next mount or reboot. Manual verification of partition usage is necessary.",True,filesystems affected; Modification of /etc/fstab can prevent successful mounting of partitions during boot; Potential breakage of applications that rely on device nodes located on non-root partitions; Risk of service failure if the partition is used for specialized hardware or container storage,medium,requires_human_review,,0,,,,,,,,,,,,,,,,,,,,,,,,,,,,,,7.112265110015869,1,0,7.104,924,370,1294,0.000268,1,1294,0.000268,7.104,0,0,0.0,0.0,0,0,0.0,0.0,0,0,0.0,0.0,google/gemma-4-26b-a4b-it,google/gemma-4-26b-a4b-it,google/gemma-4-26b-a4b-it,google/gemma-4-26b-a4b-it
sysctl_user_max_user_namespaces_no_remediation,Disable the use of user namespaces,2,localhost,sysctl_user_max_user_namespaces_no_remediation,xccdf_org.ssgproject.content_rule_sysctl_user_max_user_namespaces_no_remediation,compliance,localhost.localdomain,False,medium,"While the sysctl change itself is a simple configuration edit, the description explicitly warns that disabling user namespaces will break container deployments. Since the impact on containerized workloads (like Podman, Docker, or Kubernetes) is significant and depends on the specific role of the server, a human must verify if containers are in use before applying the fix.",True,Disabling user namespaces will break container runtimes and unprivileged container execution; Potential disruption to application workloads relying on namespace isolation,low,requires_human_review,,0,,,,,,,,,,,,,,,,,,,,,,,,,,,,,,26.215301990509033,1,0,26.207,682,315,997,0.000215,1,997,0.000215,26.207,0,0,0.0,0.0,0,0,0.0,0.0,0,0,0.0,0.0,google/gemma-4-26b-a4b-it,google/gemma-4-26b-a4b-it,google/gemma-4-26b-a4b-it,google/gemma-4-26b-a4b-it
sysctl_kernel_kptr_restrict,Restrict Exposed Kernel Pointer Addresses Access,2,localhost,sysctl_kernel_kptr_restrict,xccdf_org.ssgproject.content_rule_sysctl_kernel_kptr_restrict,compliance,localhost.localdomain,True,low,"The remediation involves modifying a sysctl kernel parameter to restrict access to kernel pointer addresses. This is a standard hardening practice that does not impact system availability, networking, or authentication, and the provided script uses a safe approach by commenting out existing entries rather than deleting them.",False,,low,success,1,1,"grep -r ""kernel.kptr_restrict"" /etc/sysctl.conf /etc/sysctl.d/ 2>/dev/null; sed -i 's/^\(.*kernel\.kptr_restrict.*\)/# \1/' /etc/sysctl.conf; sysctl -p /etc/sysctl.d/60-kptr_restrict.conf; cat /proc/sys/kernel/kptr_restrict",True,True,,55.45724081993103,30.205,,,,,,,,,,,,,True,True,10,"The plan is sound and follows a safe methodology by commenting out existing configurations before applying a new, centralized configuration file. This prevents conflicts and ensures persistence across reboots.",,True,The plan correctly addresses the vulnerability by ensuring the kernel.kptr_restrict parameter is set to 2 (the most restrictive setting). The methodology of commenting out existing entries to prevent configuration conflicts and then using a dedicated file in /etc/sysctl.d/ is a best practice for RHEL/Rocky Linux systems. This approach is non-disruptive to system services and does not impact networking or authentication.,"Minimal risk of breaking user-space tools that rely on reading kernel pointers via /proc/kallsyms, though this is standard security hardening behavior.",False,Approve,2.5843310356140137,70.54804015159607,15,0,47.49,49328,2409,51737,0.007376,1,1172,0.000223,15.076,12,48143,0.006745,27.435,1,1175,0.000202,2.399,1,1247,0.000206,2.581,google/gemma-4-26b-a4b-it,google/gemma-4-26b-a4b-it,google/gemma-4-26b-a4b-it,google/gemma-4-26b-a4b-it
sysctl_kernel_randomize_va_space,Enable Randomized Layout of Virtual Address Space,2,localhost,sysctl_kernel_randomize_va_space,xccdf_org.ssgproject.content_rule_sysctl_kernel_randomize_va_space,compliance,localhost.localdomain,True,low,"Enabling Address Space Layout Randomization (ASLR) via sysctl is a standard kernel hardening practice. The remediation involves updating sysctl configuration files, which is a low-risk operation that does not impact connectivity or core system availability.",False,,low,success,1,1,,True,True,'choices',0.0,113.837,,,,,,,,,,,,,,,,,,,,,,,,197.1451542377472,13,0,167.776,30731,1630,32361,0.004647,1,1179,0.000222,3.511,10,28725,0.004002,135.364,1,1245,0.000231,23.055,1,1212,0.000192,5.846,google/gemma-4-26b-a4b-it,google/gemma-4-26b-a4b-it,google/gemma-4-26b-a4b-it,google/gemma-4-26b-a4b-it
selinux_context_elevation_for_sudo,Elevate The SELinux Context When An Administrator Calls The Sudo Command,2,localhost,selinux_context_elevation_for_sudo,xccdf_org.ssgproject.content_rule_selinux_context_elevation_for_sudo,compliance,localhost.localdomain,False,medium,"While this is a standard sudoers configuration change, modifying SELinux contexts via sudoers carries a risk of locking administrators out of their intended roles if the specified TYPE or ROLE is incorrect or not present in the current SELinux policy. Incorrect context elevation can lead to permission denied errors for critical administrative tasks.",True,authentication/authorization affected; Incorrect SELinux type/role specification can break administrative workflows; Potential for administrative lockout from specific system roles,low,requires_human_review,,0,,,,,,,,,,,,,,,,,,,,,,,,,,,,,,5.564999103546143,1,0,5.557,730,298,1028,0.000214,1,1028,0.000214,5.557,0,0,0.0,0.0,0,0,0.0,0.0,0,0,0.0,0.0,google/gemma-4-26b-a4b-it,google/gemma-4-26b-a4b-it,google/gemma-4-26b-a4b-it,google/gemma-4-26b-a4b-it
selinux_state,Ensure SELinux State is Enforcing,3,localhost,selinux_state,xccdf_org.ssgproject.content_rule_selinux_state,compliance,localhost.localdomain,False,medium,"While changing the configuration file is low risk, transitioning SELinux from Permissive to Enforcing can cause immediate service failures or system instability if existing files or processes are not correctly labeled. The remediation includes 'fixfiles onboot', which requires a reboot and a potentially long filesystem scan.",True,reboot required; filesystems affected; Service disruption due to incorrect SELinux labeling; Potential for system boot failure if critical files are mislabeled; Long downtime during 'fixfiles' execution and reboot,high,requires_human_review,,0,,,,,,,,,,,,,,,,,,,,,,,,,,,,,,7.453376054763794,1,0,7.441,848,310,1158,0.000234,1,1158,0.000234,7.441,0,0,0.0,0.0,0,0,0.0,0.0,0,0,0.0,0.0,google/gemma-4-26b-a4b-it,google/gemma-4-26b-a4b-it,google/gemma-4-26b-a4b-it,google/gemma-4-26b-a4b-it
package_vsftpd_removed,Uninstall vsftpd Package,3,localhost,package_vsftpd_removed,xccdf_org.ssgproject.content_rule_package_vsftpd_removed,compliance,localhost.localdomain,False,medium,"While removing an unused service is generally safe, the remediation script explicitly warns that removing the package may trigger the removal of dependent packages. A human must verify that no critical business applications or dependencies rely on vsftpd before execution.",True,networking affected; Potential removal of unintended package dependencies; Disruption of existing FTP services if they are actually in use,low,requires_human_review,,0,,,,,,,,,,,,,,,,,,,,,,,,,,,,,,15.189900159835815,1,0,15.182,665,265,930,0.000192,1,930,0.000192,15.182,0,0,0.0,0.0,0,0,0.0,0.0,0,0,0.0,0.0,google/gemma-4-26b-a4b-it,google/gemma-4-26b-a4b-it,google/gemma-4-26b-a4b-it,google/gemma-4-26b-a4b-it
postfix_prevent_unrestricted_relay,Prevent Unrestricted Mail Relaying,2,localhost,postfix_prevent_unrestricted_relay,xccdf_org.ssgproject.content_rule_postfix_prevent_unrestricted_relay,compliance,localhost.localdomain,False,medium,"While the change is a standard configuration hardening for Postfix, modifying 'smtpd_client_restrictions' can immediately break legitimate mail flow from external or non-local clients if the 'mynetworks' parameter is not correctly configured for the specific environment. This requires verification of the existing network topology to ensure mail delivery is not disrupted.",True,networking affected; Potential disruption of legitimate mail relaying from external sources; Dependency on correct 'mynetworks' definition,low,requires_human_review,,0,,,,,,,,,,,,,,,,,,,,,,,,,,,,,,7.060520887374878,1,0,7.049,753,290,1043,0.000214,1,1043,0.000214,7.049,0,0,0.0,0.0,0,0,0.0,0.0,0,0,0.0,0.0,google/gemma-4-26b-a4b-it,google/gemma-4-26b-a4b-it,google/gemma-4-26b-a4b-it,google/gemma-4-26b-a4b-it
service_chronyd_enabled,The Chronyd service is enabled,2,localhost,service_chronyd_enabled,xccdf_org.ssgproject.content_rule_service_chronyd_enabled,compliance,localhost.localdomain,True,low,"Enabling the chronyd service is a standard administrative task to ensure time synchronization. The remediation script is non-destructive, checks for package existence before acting, and simply enables/starts a service. It does not impact authentication, networking connectivity, or filesystem integrity.",False,,low,success,1,1,rpm --quiet -q chrony; systemctl unmask chronyd.service; systemctl is-system-running; systemctl start chronyd.service; systemctl status chronyd.service; ls -l /etc/chrony.conf; rpm -ql chrony | grep etc/chrony.conf; rpm -V chrony; rpm --setuptree chrony; rpm -e --nodeps chrony; dnf install -y chrony; systemctl start chronyd.service; systemctl enable chronyd.service; systemctl status chronyd.service,True,True,,205.87324285507202,90.549,,,,,,,,,,,,,True,True,10,"The plan correctly follows the logic provided in the recommendation to ensure the chrony service is unmasked, started, and enabled, provided the package is present. The approach is safe and non-destructive.",,True,"The plan correctly implements the recommended logic to ensure the chrony service is unmasked, started, and enabled if the package is installed. Enabling NTP synchronization is a standard system maintenance task and does not pose a risk of service outage or lockout.",,False,Approve,2.9605629444122314,208.07193112373352,18,0,108.859,41535,945,42480,0.005778,1,1012,0.00019,2.189,15,39311,0.005239,99.523,1,1056,0.000179,4.191,1,1101,0.000169,2.955,google/gemma-4-26b-a4b-it,google/gemma-4-26b-a4b-it,google/gemma-4-26b-a4b-it,google/gemma-4-26b-a4b-it
chronyd_specify_remote_server,A remote time server for Chrony is configured,2,localhost,chronyd_specify_remote_server,xccdf_org.ssgproject.content_rule_chronyd_specify_remote_server,compliance,localhost.localdomain,False,medium,"The remediation script attempts to append or uncomment server/pool lines in /etc/chrony.conf. However, the script uses an empty variable 'var_multiple_time_servers' in its loop, which may result in no actual server being added if the grep check fails. Furthermore, adding an incorrect or unreachable NTP server can cause time synchronization issues, which can impact authentication protocols (like Kerberos) and system logging.",True,"networking affected; Incorrect NTP server configuration can lead to clock drift; Clock drift can break time-sensitive authentication mechanisms (Kerberos, TOTP); The provided remediation script contains a logic flaw where the server list variable is empty",low,requires_human_review,,0,,,,,,,,,,,,,,,,,,,,,,,,,,,,,,8.062705039978027,1,0,8.055,917,340,1257,0.000255,1,1257,0.000255,8.055,0,0,0.0,0.0,0,0,0.0,0.0,0,0,0.0,0.0,google/gemma-4-26b-a4b-it,google/gemma-4-26b-a4b-it,google/gemma-4-26b-a4b-it,google/gemma-4-26b-a4b-it
chronyd_or_ntpd_set_maxpoll,Configure Time Service Maxpoll Interval,2,localhost,chronyd_or_ntpd_set_maxpoll,xccdf_org.ssgproject.content_rule_chronyd_or_ntpd_set_maxpoll,compliance,localhost.localdomain,True,low,"The remediation involves modifying configuration files (/etc/ntp.conf or /etc/chrony.conf) to add a maxpoll parameter to existing time server entries. This is a standard hardening practice for time synchronization and does not impact system access, networking connectivity, or filesystem integrity.",False,Potential for syntax errors if the sed command fails to match patterns correctly,low,success,1,1,"rpm --quiet -q chrony || rpm --quiet -q ntp; ps aux | grep -E 'chronyd|ntpd' | grep -v grep; find /etc/chrony.conf /etc/chrony.d/ -type f -name ""*.conf"" 2>/dev/null || echo ""/etc/chrony.conf""; sed -i '/^pool / s/$/ maxpoll 6/' /etc/chrony.conf; systemctl restart chronyd",True,True,,192.1473033428192,86.247,,,,,,,,,,,,,True,False,8,"The plan is functionally correct and addresses the vulnerability by ensuring maxpoll parameters are present in the relevant time service configuration files. While the exact value for 'maxpoll' is not defined in the vulnerability description, the approach of inspecting first and then applying the parameter is sound.","The specific 'maxpoll' value is not provided in the vulnerability description, which could lead to setting an arbitrary value if not clarified.; Automated 'sed' replacement can be brittle if configuration files have unusual formatting or multiple parameters on a single line.",True,"The plan targets the correct configuration files for time synchronization services (chrony/ntp) and uses standard methods (sed) to apply the security hardening parameter. Adjusting maxpoll intervals is a standard configuration change for time services and does not impact system availability, authentication, or core networking.",Potential for minor misconfiguration if the sed regex encounters highly non-standard file formatting; Requirement to restart chronyd or ntpd for changes to take effect,False,Approve,1.8288421630859375,197.42630910873413,17,1,153.419,47100,1813,48913,0.006848,1,1233,0.000236,5.268,14,44810,0.006121,143.751,1,1424,0.000263,2.577,1,1446,0.000228,1.824,google/gemma-4-26b-a4b-it,google/gemma-4-26b-a4b-it,google/gemma-4-26b-a4b-it,google/gemma-4-26b-a4b-it
chronyd_server_directive,Ensure Chrony is only configured with the server directive,2,localhost,chronyd_server_directive,xccdf_org.ssgproject.content_rule_chronyd_server_directive,compliance,localhost.localdomain,True,low,"The finding involves standardizing the configuration of the Chrony NTP client by ensuring it uses the 'server' directive. This is a common hardening practice for time synchronization and does not impact system access, networking connectivity, or filesystem integrity.",False,Incorrect NTP configuration could lead to time drift if the new server directive points to an unreachable source,low,success,1,1,sed -i 's/^pool /server /' /etc/chrony.conf; systemctl restart chronyd,True,True,,161.93051099777222,69.913,,,,,,,,,,,,,True,False,8,"The plan correctly identifies the core objective: replacing 'pool' directives with 'server' directives to satisfy the hardening requirement. Replacing 'pool' with 'server' is a standard way to remediate this specific finding, although it changes how Chrony handles multiple time sources from a pool-based approach to individual server approaches.","Replacing a 'pool' directive with a 'server' directive might reduce the redundancy provided by NTP pools if only one server is selected from what was previously a pool.; The plan mentions checking 'driftfile', which is a valid Chrony configuration directive but is not a time source and should not be replaced by 'server'.",True,"The plan addresses the security requirement of ensuring time sources use the 'server' directive rather than 'pool'. While replacing a 'pool' with a single 'server' might slightly reduce redundancy, it is a standard hardening procedure for this specific vulnerability. The user correctly identified that the 'driftfile' directive should not be touched, despite mentioning it in the initial thought process.",Potential reduction in time source redundancy if a multi-host pool is replaced by a single server directive,False,Approve,1.7993249893188477,228.75245475769043,17,1,185.476,38172,2166,40338,0.005829,2,876,0.000187,66.309,13,37412,0.005242,110.706,1,1026,0.000226,6.665,1,1024,0.000172,1.796,google/gemma-4-26b-a4b-it,google/gemma-4-26b-a4b-it,google/gemma-4-26b-a4b-it,google/gemma-4-26b-a4b-it
package_tftp-server_removed,Uninstall tftp-server Package,3,localhost,package_tftp-server_removed,xccdf_org.ssgproject.content_rule_package_tftp-server_removed,compliance,localhost.localdomain,False,medium,"While removing an unnecessary service is generally a hardening best practice, the remediation script explicitly warns that removing the package may trigger the removal of dependent packages. A human must verify that no critical services or legacy applications rely on the TFTP server before execution.",True,"Potential removal of unexpected dependent packages; Disruption of existing TFTP-based services or boot processes (e.g., PXE)",low,requires_human_review,,0,,,,,,,,,,,,,,,,,,,,,,,,,,,,,,9.265795946121216,1,0,9.26,674,275,949,0.000198,1,949,0.000198,9.26,0,0,0.0,0.0,0,0,0.0,0.0,0,0,0.0,0.0,google/gemma-4-26b-a4b-it,google/gemma-4-26b-a4b-it,google/gemma-4-26b-a4b-it,google/gemma-4-26b-a4b-it
sssd_enable_certmap,Enable Certmap in SSSD,2,localhost,sssd_enable_certmap,xccdf_org.ssgproject.content_rule_sssd_enable_certmap,compliance,localhost.localdomain,False,medium,"Enabling Certmap in SSSD involves modifying the core authentication configuration (/etc/sssd/sssd.conf) with specific mapping rules. Incorrect syntax or incorrect mapping rules can lead to immediate authentication failure for users or groups, potentially locking out administrators or breaking critical service access.",True,authentication/authorization affected; Incorrect sssd.conf syntax can prevent SSSD from starting; Incorrect certmap rules can cause authentication denial for valid users; Changes impact identity and access management (IAM) functionality,medium,requires_human_review,,0,,,,,,,,,,,,,,,,,,,,,,,,,,,,,,5.57097601890564,1,0,5.563,670,305,975,0.000209,1,975,0.000209,5.563,0,0,0.0,0.0,0,0,0.0,0.0,0,0,0.0,0.0,google/gemma-4-26b-a4b-it,google/gemma-4-26b-a4b-it,google/gemma-4-26b-a4b-it,google/gemma-4-26b-a4b-it
service_auditd_enabled,Enable auditd Service,2,localhost,service_auditd_enabled,xccdf_org.ssgproject.content_rule_service_auditd_enabled,compliance,localhost.localdomain,True,low,"Enabling the auditd service is a standard security hardening practice that does not impact system availability, network connectivity, or user access. The remediation involves unmasking and starting a standard system service.",False,,low,success,3,3,"rpm --quiet -q audit; systemctl unmask auditd.service; systemctl is-system-running; systemctl start auditd.service; systemctl enable auditd.service; systemctl is-active auditd.service; systemctl status auditd.service; cat /proc/cmdline; grubby --update-kernel=ALL --args=""audit=1""; systemctl start auditd.service; systemctl is-active auditd.service; systemctl status auditd.service; reboot; systemctl is-active auditd.service",False,False,,115.24258208274841,0.098,rpm -q audit; rpm -q audit; rpm -q audit; systemctl unmask auditd.service; systemctl unmask auditd.service; systemctl unmask auditd.service; systemctl unmask auditd.service,False,False,,28.635865926742554,0.048,rpm -q audit; rpm -q audit; rpm -q audit; rpm -q audit; ls -l /etc/systemd/system/auditd.service; systemctl show auditd.service | grep -E 'ActiveState|UnitFileState',True,True,,156.3746781349182,101.405,True,False,9,"The plan effectively addresses the vulnerability by ensuring the service is unmasked, started, and enabled. It incorporates the suggestion from previous reviews to verify the package installation. While manually removing the symlink (step 3) is a manual way to 'unmask', it achieves the same result as 'systemctl unmask'.","Manually removing the symlink with 'rm' is less idiomatic than using 'systemctl unmask', though functionally equivalent in most cases.",True,"The plan correctly addresses the vulnerability by ensuring the auditd service is unmasked, started, and enabled. Manually removing the symlink at /etc/systemd/system/auditd.service is a functionally equivalent way to unmask a service in systemd, and running daemon-reload ensures the system state is consistent. This is a standard administrative procedure for ensuring audit logging is active.",None,False,Approve,3.030683994293213,156.3831398487091,14,0,112.678,43320,1769,45089,0.006339,0,0,0.0,0.0,12,42630,0.005918,105.267,1,1309,0.000237,4.381,1,1150,0.000185,3.027,google/gemma-4-26b-a4b-it,google/gemma-4-26b-a4b-it,google/gemma-4-26b-a4b-it,google/gemma-4-26b-a4b-it
file_permissions_var_log_audit,System Audit Logs Must Have Mode 0640 or Less Permissive,2,localhost,file_permissions_var_log_audit,xccdf_org.ssgproject.content_rule_file_permissions_var_log_audit,compliance,localhost.localdomain,True,low,The remediation involves changing the file permissions of the audit log file to 0600. This is a standard hardening practice to prevent unauthorized users from reading sensitive audit data and does not impact system availability or connectivity.,False,filesystems affected,low,success,1,1,grep -iw log_file /etc/audit/auditd.conf; ls -l /var/log/audit/audit.log; ls -l /var/log/audit/audit.log,True,True,,137.65062403678894,54.994,,,,,,,,,,,,,True,True,10,The plan correctly identifies the log file location and applies the required permission changes. It follows the logic provided in the recommendation.,"If the auditd service is actively writing to the log, some systems might have specific requirements for directory permissions, but changing the file itself to 0600 is standard.",True,The plan correctly identifies the audit log file and applies the recommended restrictive permissions (0600). Restricting audit logs to root-only access is a standard security hardening practice and does not interfere with the operation of the auditd service or other critical system services.,,False,Approve,1.6203892230987549,142.02778911590576,13,0,122.513,22782,1072,23854,0.00339,1,1053,0.000201,4.364,10,20592,0.002825,112.785,1,1079,0.000191,3.746,1,1130,0.000175,1.618,google/gemma-4-26b-a4b-it,google/gemma-4-26b-a4b-it,google/gemma-4-26b-a4b-it,google/gemma-4-26b-a4b-it
